,time,feature_24,feature_100,feature_126,feature_133,feature_141,feature_179,feature_434,feature_478,feature_480,feature_545,feature_567,feature_572,feature_612,feature_664,feature_692,feature_705,feature_714,feature_727,feature_728,feature_751,feature_752,feature_753,feature_845,feature_923,feature_933,feature_965,feature_991,feature_1027,feature_1038,feature_1039,feature_1082,feature_1118,feature_1154,feature_1199,feature_1297,feature_1335,feature_1346,feature_1355,feature_1458,feature_1459,feature_1532,feature_1538,feature_1542,feature_1554,feature_1608,feature_1610,feature_1611,feature_1665,feature_1750,feature_1817,feature_1914,feature_1928,feature_1968,feature_1977,feature_2027,feature_2028,feature_2164,feature_2169,feature_2192,feature_2199,feature_2200,feature_2235,feature_2264,feature_2274,feature_2307,feature_2331,feature_2336,feature_2452,feature_2469,feature_2471,feature_2547,feature_2652,feature_2670,feature_2674,feature_2675,feature_2723,feature_2751,feature_2811,feature_2812,feature_2847,feature_2861,feature_2887,feature_2959,feature_2969,feature_2978,feature_3057,feature_3059,feature_3060,feature_3064,feature_3096,feature_3108,feature_3154,feature_3206,feature_3207,feature_3263,feature_3264,feature_3292,feature_3401,feature_3458,feature_3533,feature_3590,feature_3591,feature_3605,feature_3609,feature_3628,feature_3632,feature_3634,feature_3667,feature_3701,feature_3703,feature_3709,feature_3710,feature_3739,feature_3743,feature_3767,feature_3803,feature_3809,feature_3814,feature_3815,feature_3850,feature_3851,feature_3875,feature_3877,feature_3902,feature_3923,feature_3934,feature_3935,feature_3974,feature_3975,feature_3976,feature_3990,feature_4001,feature_4002,feature_4055,feature_4056,feature_4057,feature_4083,feature_4085,feature_4100,feature_4184,feature_4234,feature_4264,feature_4289,feature_4291,feature_4351,feature_4388,feature_4389,feature_4392,feature_4398,feature_4478,feature_4484,feature_4485,feature_4543,feature_4564,feature_4579,feature_4693,feature_4766,feature_4773,feature_4801,feature_4814,feature_4850,feature_4975,feature_5070
0,0.0,26.550142838256512,1.6847556804791548,22.481264334120812,2.2942295643576878,2.343363625390147,5.352980060124272,14.137274174728262,8.116615796704087,1.0969633218947767,38.89106930385749,6.585251734464543,8.88766647698206,27.42039281957545,8.428463037367868,32.953504279399674,96.110752817966,10.662257936576365,8.665154937835181,1.4188523506521127,21.551838503675857,1.4951687905594546,0.23595615411586857,2.412655986848534,2.7249573209635978,5.179401401366879,1.1202313002592357,4.865398653814098,16.838647376317013,332.41116725009056,159.77015973743053,24.900731722738588,1.452012668632489,0.6153483586533542,16.016404844429882,68.39453823294419,3.65238284101556,1.2062274031027804,5.494892885677663,61.50256074218413,6.251464307679927,9.150730285733994,0.5725945980123353,1.782058135457801,0.4864088105625586,0.9494289343748743,0.42466359722485675,1.8731067464491618,63.24068102521656,0.39140556293217915,8.621970075816362,11.724330786961195,11.60608255303984,0.012674380507320102,10.058399866645974,0.9982928385439119,0.1370557500301771,1.0130422536830428,3.4204273076856753,3.071120231300259,2.027182378874883,2.516275514016543,20.845550746380184,16.074684002690073,2.1640254522253453,2.8104131100803,27.018123501922712,43.19769159582234,10.543515373075133,2.471515694964161,2.7994861271576625,0.9747432072792904,12.344329292476418,1.8721468273812603,5.593379432440666,11.361096262063654,7.972932581492531,2.1890753162847107,2.5239893546699776,4.079816983095078,2.176584872365252,3.1304397808855398,4.550361262954596,3.581670719019618,18.13769952808769,20.872825093549,0.5020146804389187,0.1304397808855397,37.85716174348893,1.5894535358935007,0.09375017962557408,1.9452328809642876,3.6735872807849494,2.195242939996436,11.84256177682744,131.82586953147901,132.07251699976433,0.9630517379133544,3.3931069763698964,2.2186258787283086,4.082443827490473,11.039586602518781,20.921591281405735,16.70723043230846,1.383852666793123,5.119208152989257,5.3068349686445595,0.6544291355555172,0.18052801296752943,1.4952377667799026,0.8662321164778443,1.0901059359785714,0.3433578773717761,1.6454794709523892,0.054295781529317765,0.6134055284440689,18.10654526851868,1.8615014973587856,48.942008242658346,25.632925798830854,2.0272226150034776,15.569007834549039,14.283521006133135,1.1039299201600248,194.72568731929667,0.4971403608605933,1.2428710202157807,9.631557770458635,59.81291349807154,54.84452759911021,76.75165111827697,3.4584217091157825,3.9893489219591545,5.662677541917424,82.24565306110718,96.17945313353222,103.71782977818397,8.078322498318705,2.3401447351025735,0.3879624999281498,2.638167991584901,0.23200726549522052,19.412546774499493,1.3715634035166377,1.9365073890776154,0.9501072005426129,1.5136716616946309,1.619561656119053,6.135940634466268,2.4422927695676915,4.591557310617165,0.32386634707684525,1.5444293079960683,2.9399389560449034,18.36286090370345,4.7331195070499446,1.7449029447098112,2.075143844159726,10.42814689635748,12.767383444557488,0.49058761991803324,10.17724589447788,6.976800997855989,4.196938605415783
1,0.0,22.47936573133296,1.2309492412123308,20.64415344372865,3.8693361148341907,1.9303093518958883,4.942723420813697,11.551191145315405,7.605943836741753,0.9616390678369147,41.44432314410481,7.7615709715076315,8.374708158588785,25.275844178304293,8.972880366639284,32.878161615288164,177.19759825327512,24.46229841324744,8.480878983094817,1.1000853906351333,18.34925850663669,0.39205650914436424,0.22791192874745989,2.089011630420684,2.34738855981668,17.396180120195424,0.28658286134290284,5.204651087379481,17.67193782697047,130.92037053050282,171.94970599680056,24.92199727614683,1.4440583250464785,0.5574495222448009,15.98990444896018,48.584007090665395,3.784404859699944,0.827797353971205,5.6326203035150675,110.41481473474859,5.313156643175234,9.26068463833283,0.598842362402179,1.4551212763197716,0.4817112715638376,1.018677850317783,0.3120865580007782,1.8421732457088504,55.621481689653685,0.41207466816550653,8.494860348480263,15.165684854511651,10.591535518180638,0.6365331402135846,10.33012668079035,1.030848718059579,0.07285766786285615,0.9543484370271088,3.094724155821696,3.6939826624583856,0.8060065286004583,2.336163474426045,21.173564572614467,15.810584115180077,1.9368757836482338,2.6584266505253145,29.805990315188723,37.64048380820615,12.352171516278265,2.1019877642786113,2.566566864109992,0.97027000735008,13.410242552639543,1.6400028103247006,4.29155497427472,9.890024428207013,7.937475679882398,2.1908534739936876,2.610937567555882,4.446409269747935,1.949149336331013,3.3992822863072334,17.63819231268105,3.844059405940594,19.86256431319988,20.475025941458775,0.5679017683427732,0.10047451251675386,35.44553374551429,1.2922899822733365,0.07495460244714428,0.41017229452202864,2.2927115309784254,1.9012008733624455,11.875291841411215,118.38576030092092,118.70450516667387,0.8130971939988759,3.223939642872584,2.0485753815556227,2.484953953910675,7.733089411561243,9.001875351290588,14.45027346621125,1.2295170565091444,4.6557298197068615,4.934643737299494,0.6610099874616283,0.2241396082839725,1.3632290630809807,0.741569025898223,0.9828894461498552,0.22296143369795496,1.620746681655065,0.05589843918889706,0.49615742141899777,17.114196463314453,1.8567545073284621,71.00070798564573,33.535691123697525,1.9378269704699727,13.446809200570712,12.795084093562195,1.1945555363396603,165.78036231570755,0.49642224047732286,0.8030773055471486,1.30145596437373,38.24252021271996,28.28508582299278,67.80413658178045,2.891575511262917,3.8167830429331144,5.353419948981798,134.7377318517878,33.239245103549656,67.93982662458386,7.8249221756236755,1.5540230878983095,0.37338946776773746,1.7762008733624455,0.1873783994119936,18.9550402092611,1.3842632625707985,1.8635425223745081,0.8642342946085001,1.391699814086212,1.153427515240607,6.154265208180207,1.4567642353755026,5.285010160404687,0.37180055341778717,1.1751048467292144,2.899157983483938,14.590162782653811,5.13610078256734,1.6858165074149336,1.8273974231484285,19.043549223918024,11.98898568896191,0.45801266807903496,13.800942539668814,6.522233991958148,3.7493190367071643
2,0.5,25.9532089382477,4.456740724322369,16.796591286900018,3.0478059763303254,1.505859090193242,3.00064744550667,13.121398948921799,9.19304375215086,0.9750645987296069,44.086839357687396,7.2175825201378885,5.727425441691991,14.864718886160414,8.963130603174234,35.50059203350385,57.12038403434378,8.95667364663474,5.358585652374258,1.312296215068565,26.80434896729525,1.537951389091418,2.393944343017796,2.4739242780399318,4.277468313083649,13.381794532293531,1.2479716290545546,0.936305360965452,17.67319750587659,142.08896251232187,142.08896251232187,27.380062178100008,1.1111448119783252,0.8956154523660925,30.04361799548538,40.89918515191638,3.6406327467438158,0.5695187321733755,4.213633685831443,51.62873374824286,5.8710475201670524,5.380079676627218,0.568661304340218,1.9267336665830626,1.7511767759546906,0.8344930968310167,1.3411337879061846,2.4194805270556397,35.1667492986007,0.7395927509434622,6.293047835140542,13.006176980104174,6.333026136966805,0.012744760649312016,9.917879411816171,0.8894676364739301,0.057196852598239645,1.0717264630226957,3.213487864771382,2.985645374847617,3.145307769929364,2.5689879435147542,20.13037569337914,16.73939443430178,1.669371161260594,3.207433374357658,29.27288953179774,42.82115921909906,13.245860140104874,2.407599027081887,2.3246793394889265,0.9549296267564147,11.675635634000805,2.130935646249774,6.640766902119072,12.13476199086577,6.58867378662296,2.832953226436775,2.7120675676463897,3.1784149834055633,2.651190191492216,6.131221455527493,8.977666046441092,4.797297060830713,17.97435299195651,25.37238615749841,0.48389260570568643,0.16124309537280612,39.33020887408643,1.1910022573100096,0.1301365468406409,1.2956026201128072,2.3680406899085993,0.9380668793709863,7.121107306801678,49.92558459662978,84.56974038018467,0.8244897721108473,3.8288585710702683,2.0299166486820694,3.9417765671389327,6.609975327076638,6.868451905297971,16.102296390053837,1.5943958050197442,4.974959607566364,5.366320001399882,0.8989926681171001,0.16044399596367306,1.4253250351428755,0.6439574669132014,1.1894857182853777,0.3505596612285133,1.6895294646033958,0.02096906843673991,0.584246659239514,23.355290096416883,1.8087935932059052,12.245224360283009,54.786051340678824,2.0882975682880023,14.516655681480142,13.673559142105539,1.2110439038047631,170.90434721744253,0.5289571461068694,0.7583745034792905,7.614845750482668,30.353365258424084,49.142117205135236,28.77051848136115,4.185787696202237,4.4315253466166595,5.28224541101124,101.03644943217279,58.10024906237059,51.26204044492922,11.04124402862759,2.5511569442905224,0.49375010936579505,1.6610768593643368,0.17382453643485007,26.58719224465274,1.0916106227725833,2.8563779215249383,0.9657262180433147,1.6804127319283961,1.449846304602696,7.7366471655302345,1.3712545860723389,6.0447495669114515,0.378953938043548,1.6712085066173596,3.6135216952573157,25.192133828736083,5.251739645246525,1.8432306947498585,2.0155211936328694,12.037621833495681,19.804109820756754,0.8354263516154057,10.679473644301604,12.156419334705996,6.02219396534125
3,0.5,22.50965483057908,1.8482857534564399,20.505842464381004,5.672442339938622,1.5845786359849403,2.5880377123693616,11.797090368370544,10.443484175780137,0.9800206700905898,43.14501755903104,3.2277031943726735,5.286486400978665,13.270646362169515,8.188256013836305,33.603803929426405,119.03464349366715,8.398516182782659,4.744972211383314,1.4203621484239055,24.442867236851818,1.3655336785379075,2.3226643324931713,2.09593136686247,2.757701190639402,10.850263121816438,0.21266992185440242,1.0295972496124357,18.21285974921696,331.2062474294211,331.20622633749196,23.021055018297247,0.6892367885428641,0.42399523322400684,27.39372831486032,65.61487719224239,2.8962066165381817,1.4359649030298556,4.513683389051179,48.038482224776686,5.421680393997237,4.74073273361948,0.5822690697404638,1.5586408360840724,1.587199308184723,0.7356232137772482,0.3704428250529935,2.5608607616295624,30.165086529639435,0.6069360809086403,5.507297807493963,11.692105290910433,5.5701148455543485,0.4862269702498339,7.405850901152674,0.8873532792676883,0.06697214810752665,0.9775054575366736,3.2169304915474095,2.7018497621884987,2.1509074802526813,2.211805152758297,18.47420457062105,16.518012507514,1.9147516952638073,2.618420636343503,29.62044546154414,37.5334939835272,9.002151376775677,2.2330341794712254,2.0846946415953935,0.8309112767999325,11.6741191483079,1.9060038176391805,6.871797981502378,10.080270609451293,5.971873912447402,2.517047551754321,2.5258165213081214,3.332187338514917,2.4613964966305644,5.61158157830906,10.180979298271517,5.639908039188804,15.963922255149066,22.556204718264556,0.3891460932474189,0.1845807451778577,34.70508210033431,1.0963532054459362,0.08055535049513304,0.8645476308490556,2.0440083102200943,1.0606392963732427,6.032592303555044,44.171625027683156,82.20893137740843,0.7885428640730624,3.4082922919544836,2.1159950644885734,5.758755787098067,5.808485283106419,5.597718907859908,13.02689220969596,1.5802969743627602,4.070483954314882,4.791675015555298,0.7963785157609441,0.18548769813230967,1.5596532486843908,0.6075002900140262,1.2377851365175117,0.38398384358225324,1.423995233224007,0.027319321261719202,0.5111681764972633,20.419043902850575,1.6574565242609915,46.41279014585069,41.45736793815846,1.7938369382955612,11.966548200331143,11.63146599453719,0.8973877645718865,187.02989780960314,0.5091011674382797,0.6780317011695475,8.145059742889384,56.58842791305907,59.9941522626367,42.22614239161385,3.392278244729654,4.06694578319606,4.87040591417694,79.25910380392942,39.38114697910844,105.61923794859896,11.193507904200457,2.2557027303502313,0.4423030277464328,1.5364626725583455,0.13624858947723653,27.009971209516678,1.0074085401221222,2.887057992259262,0.9377629899918796,1.493941343344969,1.4284930871202135,5.362306613374392,1.3006654503654176,5.279710618731742,0.3149183215042764,1.1026755112156332,3.601842380013288,21.703067821098255,5.096811954905456,1.7504192020923193,2.3827077818672686,9.54070215032218,15.802590088902482,0.5453581936871856,9.600613775138942,10.080813726627506,5.476577412653048
4,1.0,23.10512099480302,1.6406540319583798,8.080128898428704,3.157251645895384,1.7439946310809387,2.751726318241568,12.252860557857312,4.3616976433329455,0.5191933310038437,29.779885411293588,2.695169636766003,4.950553808438299,12.50553808438299,6.673993466336101,30.67508056151794,131.25979910924752,17.526925018164473,3.4399906820412984,1.1249993066995014,0.6195832432042685,1.1246276976322402,0.26942212016838885,2.209010687920487,1.5329040416645867,12.230053744654652,0.3413146086734666,1.416019124000954,14.554096851306456,134.82843308540907,238.64514661918946,25.277065064865194,0.7708558655995386,4.532837484816719,12.727959977148815,30.83618695818566,2.7421254929366543,0.498843574768299,3.620542771094361,117.27541778288047,6.633116468937365,3.257602733267886,0.3340044482159992,1.6967059906709485,0.0925195649400711,1.1625040904729418,0.29082569316183854,0.7825698708242511,29.364670515871033,1.4985551617608723,4.6840102719401875,10.632844695141905,4.954081321375286,0.5732430378763929,3.867501955107406,1.2957786319239921,0.12264763140817651,0.41294641619106254,2.532626721465138,2.634442059490729,0.6234601795925612,2.3396229554568295,16.617015258157373,15.646793901174174,1.809015125043678,3.2707366179137756,23.25304913559294,39.081105065530764,11.13176591956605,1.825071964591757,3.721975407244713,3.144799968940138,4.996716528838528,1.4735575189825676,5.134095409241418,93.05409407810446,3.1770023905001192,2.351930425908362,1.051942073356739,3.209864834134789,3.894740345097256,5.857723644874845,17.124106335657277,3.4426751415719616,19.783451749058496,26.35063256737494,0.2530158571690045,1.2574973515920953,25.859387566071536,0.42735042735042733,0.06554185593770279,1.1499192998219605,2.336173092175688,0.37974009550907667,4.317348597037111,94.99393778044005,94.99393778044005,3.4708342346239816,4.979023500113701,3.7530851872188666,3.085963715425104,12.922788510069497,8.428548450612046,13.303205266865229,2.21504517546049,4.163385968707189,2.658962711525982,0.6618468416002484,3.970160346539321,3.8471521988718616,0.32369922960448594,1.3081692984353595,0.4729806929677144,2.133119242139359,0.023910547596465832,1.3729013793906721,27.812431709900885,1.3412702374415548,57.294081432303365,34.84746279749525,2.66697171888606,13.597541833752087,12.830274491533414,1.5995718176120512,234.4344054532244,0.05407743889249405,0.8353938224152371,10.001525261096967,53.249111188760764,35.04421038619611,34.855821228306624,19.994708730594517,14.535749346910931,1.0884928756440762,107.70913548201024,45.81709068925162,84.60235611241451,18.205937980110594,4.929654958207846,1.7765963937281264,2.1699972822620452,0.16126724238340073,41.941213664120866,1.0959527890092458,4.5531595090323185,1.1281829425891723,1.1853663677154918,1.3600226293282751,8.074965196314968,1.6514917053528344,1.9458338186436823,4.676422791283271,1.4638291263859078,3.4697859642700655,43.10567008879793,21.03738830928967,5.50008042285784,2.2770872504811503,20.616366328890663,31.47716822797939,0.34196908434416545,13.00919039140973,18.58460207324581,10.33032718237131
5,1.0,20.625742603667472,1.5357984474632658,18.711077666442236,3.1377876351538676,2.7695948354390274,2.3709107291377878,11.164422353360528,4.316997702879322,0.4767020476058458,26.84744445324567,4.592894768109628,4.962082656738881,11.521936512337122,6.13461919283932,28.003762525248526,49.19909204324924,12.77552576339657,3.365425363380728,1.2420887955958653,0.47896451344607704,0.21000831716107568,2.7060824191057073,1.999143530436849,2.022674165313478,11.9196106776506,0.276184205315062,1.4565279813061904,13.55085349914848,219.21687987643074,219.21687987643074,23.557343855202188,0.7669561170739435,4.373381124004911,12.496826606994336,39.01805021981068,2.3689255020000792,0.9767466038258941,3.6521396887005424,51.60236048952434,5.929071448374193,3.5012772783080517,0.3206760663788665,1.6159748900946571,0.06099746524614836,1.1290199611865817,1.284313240128322,0.5968157154738801,26.38833221117668,1.2667481880470515,4.28718464097588,14.287486633133986,4.712854964553052,0.4922769218582914,3.6469810685571704,1.306022020674086,0.08201809972672185,0.3776139649095014,2.8150421798883123,3.532743871044398,0.7645550318824508,2.121866212523268,16.162149986138065,13.890609529090261,1.9972622678125866,2.7531931957701294,22.254089270862213,36.25051487187611,8.64370371103806,1.8267010574676226,3.3575686165788743,3.092077904075409,4.528327854568498,1.2907441878886292,3.038526278268446,86.31985425165352,2.934744940393679,2.5886668778961544,0.9456414115410511,3.4859202344647313,3.255331894332449,2.685561804427898,7.1223810843993824,3.5889540179809103,15.234900392094737,23.751975325755474,0.16967503663511427,0.9895490910531111,23.0176937700503,0.4318636381638877,0.07723078141708582,1.277134738009426,1.9699096993940355,0.3983029030852707,4.597865261990574,55.32340389718404,55.32339894649293,3.133534991484811,4.162229197195929,3.0971721652342667,1.2626193116559072,6.561631153709058,7.546194898807873,10.66626401045586,1.9628549645530515,3.427437720305755,2.5973800942611587,0.6524515822408808,3.306868588855004,3.861722246425601,0.22484058774604934,1.1226236682640898,0.38588161907402274,1.8082745851320845,0.0284664739197592,1.065958057744861,28.07721097865262,1.33391916511545,18.816557091369955,39.61528179333835,2.1843884906332924,10.673091013505486,10.27978830844786,1.3129826923838568,126.30444770089905,0.05292288803516971,0.7266624420769139,1.781877500099014,18.3109232048794,55.85613786684621,52.02774862370787,19.22603370430512,14.103944710681612,1.0062329201156481,57.940854093231415,29.570898847479107,38.14374826725811,15.216835320210702,4.246831557685453,1.6852697136520258,1.6674373242504654,0.1515753099132639,36.30471008752822,1.0010544972078101,4.123232603271417,0.8850994098776189,1.1808734999405917,1.362063844112638,8.896936512337122,1.5913600538635193,1.9082389401560458,4.069141352132758,1.95732999326706,3.1387975761416294,34.27772387025229,19.27549605924987,5.549289080755673,1.9101449562358905,17.826616895718644,29.11107865658046,0.24075210899441563,7.824864351063408,18.021490950136638,9.01071824626718
6,1.5,23.82126539587772,5.835769708432554,10.035776544714984,2.286388961682637,2.7896418927387288,4.231841124796336,12.463955700889857,9.162196497544635,0.7311233151412262,32.29759476796518,5.792382102612599,5.636053414153383,20.517916756867617,7.859616940307861,29.646649651919287,131.4623263869108,17.134765914295805,3.2369341552063986,1.0306550297947976,3.6839643601809335,0.17249079950323015,0.22854261852404661,2.156573655246277,2.261316895872025,5.409806647145283,0.27303542333678943,3.291345266444108,11.505013273781717,221.41568015313274,291.19730650472275,25.351487461118644,1.1185525311335696,0.539644741189741,5.86929597684779,66.19528410450397,3.311250242118336,1.0948989939271025,3.9931694144724097,122.61013820684312,5.502244579397724,3.191854569485114,0.6465755921929655,2.0187655952692927,0.8074504084678752,0.7292262467670081,0.41642644729795936,1.8247518999168253,48.031463989882305,0.95155354518213,9.40090238928071,10.97027926213725,8.92910205430287,0.4398293208153406,6.269907824125241,0.861012681303907,0.05830209532056468,1.1083778641174928,3.2304055054861167,2.616820672918067,0.6260838356101952,2.3267173311153395,22.827047751432772,14.248020326546424,2.3578565975822348,3.135369785910422,19.658299816559754,42.035924664167624,12.0301480055146,2.3349493545410005,2.3539257351852063,1.13912974124671,16.632293458817095,1.7123007508516868,6.094335000626659,15.368521198172434,5.433494365763898,2.629923547574829,2.52963528433238,2.886335410803605,2.7342281267446764,6.414193261704285,18.684465687559104,6.923365273964018,19.555983456196522,26.631683890300454,0.40526051932958856,0.6811386967766928,35.17514555584673,0.7443116433283581,0.05356796973805644,0.9270169881618376,2.175458885458088,1.1701550696731118,4.168559937106202,128.40677019836613,128.7734797816947,1.1681212756503014,3.973184682169836,2.2304909590164868,3.105483837888956,6.081066915811182,10.589714813084644,14.256656830015837,1.6908291271206717,4.573512823726458,2.195192954071576,0.6424510351270979,0.19519865097360056,1.8731983547346953,0.47651736985427323,1.347790171704627,0.328358038898447,1.3715975252657604,0.025374001617920174,0.46998302323196645,24.700399922522134,1.813717000695022,55.472586507457244,78.18044937163171,1.7730525140428635,13.957512504699944,12.864077614593183,1.1056091697334989,256.672211651304,0.30102999988606194,0.776681440632584,4.428304488019415,67.36369592215753,103.76809051237937,36.74036938712728,3.5063976209737144,4.815608372167215,6.048389485797623,98.85363519318194,54.46998872013399,96.85984481638884,13.278282270101519,3.0524684676472935,0.44022240705504345,1.658527692640742,0.11024075107956294,31.65495573507127,0.6821014732188636,3.5178426971412944,0.9638588535554365,1.6518452265657935,1.2061480966650335,6.657416796745929,1.5170850091720123,5.2152232615903475,0.5558410336459033,0.9992650996388164,2.7730923923570363,28.01629313979058,6.124602641083778,2.7019665705789193,2.127206125309057,19.780190732279785,20.869085191472877,0.5733020383515445,21.85185775975025,12.84456572515866,6.551135392573519
7,1.5,22.293528320419078,5.936156280694096,20.72559205500382,6.452575575684819,2.4258430644985265,4.445852886609189,12.919404125286478,8.882571210302302,0.6876841645749209,33.10599148750409,4.0823474844483245,5.053028484120921,21.138742769835208,7.3716359270981116,33.81880388519044,118.2556695405435,9.222579941067336,3.2930590417985375,1.5563188911928407,4.363374440685365,1.4041907672159772,0.2867947178871549,2.0967041361999343,1.493997599039616,13.288884644766998,0.229782822219797,3.7491487504092547,12.094685146785988,306.44491978609625,306.44491978609625,26.18513587253083,1.0485594237695077,1.236652842955364,6.244030339408491,67.70334497435337,3.5369420495470916,0.978669649678053,4.780825057295646,67.30018552875696,5.500643893921205,3.1910891629379026,0.6087580486740151,1.8558005020189894,0.7812888791880388,0.9107934082723999,0.3635599694423224,2.1248390265196986,48.21203754228964,0.9957546655025646,8.074779002510095,14.781632653061225,9.016310160427807,0.41093528320419076,6.060864345738295,1.0024773545781949,0.04561824729891957,1.6319709702062644,2.943544690603514,3.941149186947506,0.7473807704900142,2.3672487176688857,20.21061333624359,16.317756193386444,2.2453399541634838,3.3414875040925462,22.21901124085998,40.146065699006876,15.058316053694204,2.4530121139364836,2.3923660373240203,1.0412746916948599,17.40488922841864,1.8708938120702827,8.685359598384808,16.179962894248607,5.392944450507476,2.728866091891302,2.609614754992906,3.259565644439594,2.337405871439485,6.434235512386773,8.850600240096039,8.002291825821237,21.091318345520026,24.513385354141658,0.35955473098330243,0.6967805303939758,35.822312561388195,0.6306013314416675,0.0887318563789152,2.032336570992033,2.2447124304267163,1.362010258648914,4.342295099858125,48.14002510094947,81.95500927643785,1.105423987776929,3.6693713849176035,2.1196005674997274,6.0412637782385685,4.160231365273382,8.992840772672706,14.377130852340937,1.413123431190658,4.489512168503765,2.3185092218705665,0.6793844810651534,0.2776274146022045,1.8477136309069082,0.4505511295427262,1.2110771581359816,0.3450562042999018,1.4614100185528758,0.03678926115900906,0.4471024773545782,22.44834661137182,1.701364182036451,47.57888246207574,42.964438502673794,1.900834879406308,14.24990723562152,13.016130088398995,1.1351576994434138,193.44965622612682,0.25136418203645094,1.1220288115246098,3.9361453672378044,56.97517188693659,69.12339299356105,48.117783477027174,3.331949143293681,4.281883662555932,6.1723671286696495,46.299448870457276,56.94400305576776,40.9875859434683,12.755887809669323,2.9590254283531596,0.40905816872203427,2.5731528975226454,0.2147222525373786,30.451358725308307,0.8599912692349667,3.4898886827458258,0.9326639746807814,1.4667794390483466,1.259069082178326,7.07029902870239,2.3815453454108915,5.018913019753356,0.5128669649678053,0.7455309396485867,2.3396431299792644,26.001320528211284,6.231556258867183,2.40356324347921,1.7312615955473099,12.54850485648805,19.430530393975772,0.8154752810214995,13.60509658408818,12.1836789261159,6.088906471679581
8,2.0,21.929845253076248,6.937758986536649,20.28235126867204,4.515187733976401,1.767779573827288,2.9934131200539165,10.93994934789362,5.327385308783033,0.6217572384597969,26.558447370776577,5.162823881257141,8.168010193604777,13.40847606661647,6.704348604434428,24.459923232046673,96.00246415652659,9.0245467900149,4.93416805758123,1.0645366806547918,6.656687183753416,1.320324552581836,0.7040116257641255,2.0506994940054653,2.2269498691575005,12.954602654760087,0.26330144321646143,3.310283641265144,10.218251607230298,161.52288032518442,157.8934094343497,24.464230240676486,0.3140851818895026,0.6593250949068833,12.426451772560458,35.92344792363221,2.9765431253718613,1.2690142847364458,5.160280745354696,59.70448550201924,5.845326790330819,4.774656044818163,0.6184980228829579,2.2975521658777502,0.4685846369318092,1.0237254045060367,1.176561027363721,0.8484333124476762,31.205172622589153,0.6556762477425062,7.182895173307077,10.448887180594241,5.649368428257768,0.012068048630234357,9.959246642060203,1.2077315543667697,0.045681670992981364,0.7900517578176419,2.87354348867699,2.364363452557089,1.2706044028369392,2.0658740647525575,23.428936990253945,12.551607756827767,2.0340980292013078,2.9298083960341823,16.709945609536497,37.581209226897215,10.3773002743217,2.278175892335315,2.308045892282662,1.4899985783712346,18.726968297678532,1.7614559584673788,7.890113361730807,15.250585763704239,8.883163176655803,2.531041527355823,2.3866830241729544,3.8011088704369667,2.307266629107586,5.552365958835949,9.073055922663395,2.52140604350184,18.633261900875617,24.676000273795168,0.561006302554193,0.2666238422939823,32.58699051720961,0.47048014195226484,0.10983398535195843,1.5082006918593325,2.202308303891577,0.46239791915671086,6.830473402378859,62.573437656313345,62.573437656313345,1.0319181984277839,3.180088772818458,2.1178214328964895,3.349473207563065,6.494389831668624,9.86118058371024,12.40059392490641,1.4853335299042243,3.916660962600633,1.9648278512871005,0.850697387888776,0.3421175950253524,1.76115583683914,0.563444132622168,1.1312110697493194,0.37445175149929183,1.6010435808195953,0.06065089536285758,0.5213849823349462,21.893240945014558,1.8400141109818189,23.40603297125677,58.978522875059895,1.983445922821354,12.730817225928403,11.816183400641313,1.3803804699799391,159.19826455984793,0.3624784781200802,0.7480031381138672,9.084934420791583,47.35590212875744,78.79218420096565,46.679222632329946,4.4910042490904205,4.488076746892162,7.108770396423814,60.19849096739205,54.79997683271642,44.27849180983873,11.015990690964232,1.86684077231299,0.467578966212623,1.5907762619587937,0.1533726826134802,26.096149492162613,0.6647378147986289,2.8340538007508305,0.7584863339353317,1.338131769190672,1.2003706765373336,6.55398240339506,1.4305007818958209,5.04235927191546,0.533284541630029,1.0666480626359103,3.3700762940770734,23.755063894315064,5.0705233173443975,2.0005633862144134,2.143473934173323,12.69601891292787,21.297725920504625,0.7325600374888771,13.50872722103168,11.404279629112851,5.217625037515203
9,2.0,23.35766740261872,7.069179492881385,20.451710426693353,1.561129024572327,3.946593177353855,2.803707292278857,11.638276919167051,4.917875163471364,0.6726284077492045,22.35135092205791,2.588586919114104,8.884826151182553,13.112473593087346,7.2016455676096385,25.983396074569416,105.84179678193053,22.12135266928221,4.983867295667413,0.9322288757935311,7.276532659857787,1.1819654684943692,0.47674868031619466,2.1199495952263714,2.6880834008397265,10.874416930073966,1.2852899598138412,3.7201582032180696,11.033721428911797,160.88260241116953,254.35513128008006,24.057594866337343,0.4100100068300586,0.800440512307342,14.0481651497583,33.29841532050977,2.7223289970403077,1.0363052030221687,5.706397488232709,112.07391288233768,5.695771187741898,4.938926568927998,0.6107131322437007,2.3732124042335774,0.5578569499817335,1.1266684668371534,1.1798529154819957,1.1329002334927014,30.53227864521287,0.7174844205833611,7.131486570198707,16.083829703871956,5.7748569129194,0.4869196435662436,10.446447575329193,1.2737106278888766,0.06416019399484305,0.8420773967416915,2.7062015873267997,3.423670124052925,1.9406261416522388,2.241889967226308,22.528678304239403,13.519762165710988,2.2355681920464234,2.455729042574032,18.396672861370988,43.48902160734046,10.93802648368463,2.5466323575350374,2.1876042378131104,1.245770923010944,19.631176834982607,1.798507976343642,5.455951416575335,16.116185121061466,8.856833500113835,2.620407579776673,2.642671453002314,4.242763579374282,2.3570796999009906,5.367229484674725,16.765040689147618,3.0470585743708667,18.73252643338575,24.44266192268797,0.6519158579136024,0.2951114782047006,33.53062142944126,0.49225661959750305,0.18068946529641924,0.8265906359366976,2.1185888781231634,0.534687696893647,6.821163651381101,112.63089622017144,112.82491224168878,0.9552657634046519,3.672591345415654,2.233651539939959,1.17024847647336,6.86535254221135,8.999391118805958,12.184146851554765,1.5880627518253199,3.8279354691826697,2.0917133916800354,0.851422399415474,0.2731970498382494,1.6666137204758804,0.5354871843745201,1.178974008714943,0.3851517702558889,1.6754186720036428,0.06530912633490583,0.4986207517300168,20.001688983486083,1.6750957002398463,53.805798666814916,24.49307728555469,1.8817658613551047,11.430749029761055,10.568102037898884,1.2565931244076645,88.35669319270825,0.43674253855806344,0.7731202778616092,1.845434185237543,63.12904045618438,51.53544482742189,32.50331707885276,4.247459906497027,4.715917213336087,6.772469039714938,51.504984883862534,39.05940033144316,78.10294857336488,11.291849992852264,2.228923445102742,0.4790253665200057,1.7707376992762256,0.11870006512381466,27.101852587215614,0.6484955339888072,3.0429128876322995,0.8311228298680051,1.4496561144908429,1.3096187344801478,6.51070836708653,1.5379174145316115,5.220367340671675,0.4852518385564751,1.6765940774390986,3.4265292183553853,25.857638282213784,5.947636217312345,2.147359838196441,2.2563336880728118,19.580814418306677,17.959670886478072,0.7410560647214236,21.569843967575753,11.192914740748977,5.749114474959099
10,3.0,24.18152373451946,10.600791982563074,14.197130449732956,5.212310115525187,2.925987343808061,1.8339776048628174,12.317541748240501,7.647700865745645,0.7757325006793968,30.425757180808287,5.76714714348306,7.309394532658189,8.204179538232015,6.07938682358422,38.05373058173005,79.68400006655315,9.663268758284481,2.8816074805747975,0.9705169516435856,1.1863987532375337,1.2015174119695853,1.9992457308923115,2.1826163155063307,2.159688753071151,11.899793130605024,1.477679735118437,0.4745572828564615,11.774334884391621,199.6071810855929,106.49323653546452,26.591058583416064,0.426982868108282,0.8964932032588863,20.54332887796924,31.264188301064294,3.1432944921716848,0.8450365210446628,5.064467824321851,57.2663013637851,5.837055688353752,2.920973672680484,0.6242186936724586,2.444541809247561,1.2709268081660723,0.9110572523529313,1.1919892183886371,1.2034973683772676,17.818171230179637,1.0270372198528066,7.2856960628261795,10.936136700183576,3.3506685819186166,0.006999173631639371,8.076364201057086,1.157930640518671,0.022528243495815472,0.7491500607297553,2.684421569878041,2.870886876272136,0.9590476243296157,2.1489792409612494,25.317941067179866,19.295446100262332,2.1843744280588107,3.0031612749366356,21.85815858507989,43.511211433832294,10.854292955902988,2.9011075554470986,2.233862246058112,1.553888645476881,20.383068876970945,1.5245941643973888,5.771423183792088,18.051778355804267,7.186126994514911,2.6218671488073118,2.338683467641301,3.57937850443965,3.1518964876571625,3.4316083124892542,17.630729810822654,3.801516302750309,19.02898389968221,26.48603770236319,0.5584530827976728,0.43338306333087456,34.696184840300155,0.5518587742017781,0.07011375043675509,1.5251598662281554,2.6524538703433587,0.8482698952342393,4.101626670068272,57.338855396629086,57.338855396629086,1.2774712018945464,3.804305989229481,2.1287637196559204,5.319937661876688,17.21357462549984,4.681398947350907,13.433799020559379,1.7719777934300942,4.09701231788006,2.1244987715396517,0.7753165434508921,0.3428818626010083,1.5491467330719273,0.3969507562102414,1.439949641444869,0.3472521865484978,1.9439067812120439,0.1890220568253035,0.5006350280355172,26.12346165151658,1.8258192970877447,41.18483475405836,47.17249468961272,2.358549584874686,13.319127931805198,12.564093462816198,1.401498555241893,181.0178639764402,0.5245387034335882,1.018063635909865,9.209087833528372,46.74247256068816,49.89591086313898,69.75833994243152,4.421170559101976,5.31829601734819,7.218976523374023,148.41494783896354,148.31318806258216,124.1383640124898,14.546357046592755,3.0269207518288255,0.5155041124304658,2.053553106645887,0.18919953190946553,34.086275075288256,0.9037308590348683,4.039122163864963,0.8384754890270483,1.452650202155213,1.4008385697726655,7.032039798787624,2.1185034413528037,5.200275086380451,0.5210058400394882,1.7729594524893653,3.2966163265985235,30.102425307947,7.340924090578846,2.8169510889760243,2.2168135457857985,20.926375570554665,22.126683933513398,0.818259967721719,21.763170592378554,13.927290676457375,7.845890619887192
11,3.0,19.755196281359503,9.981310169810458,8.81486642492791,1.7479848040237806,2.7285778946351287,1.6548814785054238,10.044230055281211,6.943360914606547,0.7623772446867483,29.726955566517997,4.742024401035442,7.4147972598420395,7.211604477422177,5.3981315255478535,37.615259038503595,111.65635123658019,14.466711759590298,3.1833739339168288,1.144448230441792,0.9888573012393773,1.1493406431335853,0.4216476547441655,1.8885119843768277,2.3661121593238095,17.9264459825765,1.4684307154009286,0.6535337764645452,13.171351414578576,247.23916371274112,204.46645747618635,24.69275953435623,0.3056130518585574,1.1328732498944725,18.6450813961176,40.046991573048,3.1644603343318196,0.6917780004170248,5.56147301290234,113.06479649699183,6.556717913248674,3.143705722902289,0.5974744572320743,2.2458666232689657,1.1585101026796385,0.8729091547111086,1.1025931821533737,1.4127070502616577,16.303471985597387,0.8275958521291149,7.248526427674172,13.147041921161973,3.072419913441929,0.005304351806175018,8.588289740681784,1.1276756971179518,0.04481999277835133,0.767640911148293,2.5836007547131428,3.212580925693304,3.18945130727098,2.045974439432236,21.26003529453647,19.413998809953668,2.1147886142063053,2.5328356159506895,23.050475255681963,35.331590644405004,10.35780726335115,1.9872451444584018,1.9888471299032198,1.312051507646302,15.916447559133605,1.2976743239875705,6.086954752811103,16.997848762402672,7.16215144102405,2.3252335593065183,2.152615813376324,3.8356820643743865,2.5770605855638227,2.4758659621321155,6.012937939592435,4.580900264963307,17.67539197786717,27.705000737421873,0.5434951762438273,0.4161297048786814,34.099674008676146,0.5801526717557252,0.07532891558299556,1.524073009850939,2.62235863114158,0.7622297603124635,4.198997106254863,78.71681983003697,78.71681983003697,1.1471182061831553,3.4327903535047883,2.270974566573938,3.1772457038818906,6.8472824732621005,3.587282778402185,11.99173578937197,1.5457989838835178,3.4931216339234403,2.03312804186522,0.718035304707803,0.3105003788822719,1.6150962971250717,0.32572178344208186,1.4149498298844028,0.3227720959563853,1.5842110348825973,0.15995443241401408,0.4720008543922372,21.831633872583673,1.6196123703790348,50.22645462821224,40.95220997706364,1.8712919122620544,12.04453010969786,11.130208359821188,1.2475652364072807,195.99434473709638,0.3209463411161007,1.0084167806703928,10.260843915760994,35.09639883843341,37.83337317106662,19.31277367251349,4.453066912134912,4.5148170939475465,7.052809577330126,84.64531533684922,56.76468613799452,69.09513759274986,13.1365349309112,2.1760963428960847,0.4433482004363503,2.3182051660216345,0.1480488834415733,30.993220804450978,0.6635881422563075,3.6781178959574024,0.8147545402301773,1.3682888252615304,1.287604701191572,6.468959624881123,1.8197842659600978,5.477895143695552,0.553300344299729,1.7396036230299394,3.1565012637885177,28.862198737737184,6.7172114264790395,2.8076346049198753,2.1097843168167785,20.35957707584257,21.34112118638465,0.9125061663725456,13.058632667280337,13.274844759981894,6.949061948522868
12,4.0,19.186509822742984,5.553244020286952,17.318079661822594,4.394884882159388,1.5389010157320793,1.1828963824062837,9.577730501036038,8.324000535324494,2.0353406463581782,19.5977959398406,6.006336211471635,6.942867954829689,3.934870391479111,4.872588155484077,19.663423953925175,100.86998537087374,7.004679474459023,5.586812557974258,0.8004347204083234,2.0724949351842024,1.2317539722461939,0.1149424756911916,1.8089076149909318,2.9561541549949006,15.525425606047321,0.19378746694601992,24.956906378206757,8.800974659768979,123.37447332838005,134.917758467126,22.688902630935296,0.5885062139175139,0.9213165290667356,11.324595853081115,31.09292033356254,2.1216155724049455,0.851156716245714,4.492120115740848,57.91188374228741,5.014495295143776,5.956749472751522,0.46609226963740996,1.4584177469299602,1.0230235681223494,0.7525831714284396,1.0869856154616482,0.8833823278308743,9.098125902783226,0.6632578187372803,7.214692811422717,9.028889063228284,1.6791837224434794,0.40356544572686454,20.242552759459322,0.9301863021537581,0.03582982218920029,0.9968665057616606,2.55670517003475,2.1647645725941547,0.7746006986907624,2.011874051068111,17.95834160163551,10.650982274298425,1.7084650493098468,2.3240328393888072,15.789479027739961,34.75272161741835,9.400635005607063,1.7861101753187718,1.7608391672935193,1.1990161104983594,11.978993128464033,0.9216118805118809,6.21820933956648,11.386338149715494,16.790748115980822,2.405120655680208,1.9554434655800195,3.394404936061027,2.2327507833735596,2.4534198466941404,8.043795081475466,1.7757728747386832,15.015058308836085,22.467190607824044,1.2208859620381096,0.17757544152733615,28.562884476051153,0.5167819614104877,0.07580379434309685,1.1294562303002893,1.9269835849204628,0.6912377532984757,8.388987082989141,40.02220673678187,67.5726403034736,0.7178655320248649,2.84575732263915,1.6415310280537725,3.1570715904213835,5.6633085822669145,5.230614100262586,11.79529375931626,1.377316086039568,3.567300903129341,1.9611243660327378,0.5614815566867105,0.23054487726762996,1.5381580222528854,0.5323340609439248,0.8953855951562363,0.2742476614164871,1.0582349982232764,0.03419154464190945,0.417913065148068,19.946126050458947,1.3437983118818964,39.8650013152369,37.00396417017781,1.242594293256296,11.979270020443858,11.761914431148503,0.8448205047740792,162.9994231417087,0.42473383758439437,0.7389047076251436,6.874757142659363,45.58559423326303,42.88832484967073,52.51301623048489,2.632670484699411,4.016258174081988,4.669377131491387,69.01252936208702,52.51854022548237,78.73081023208162,11.08537964197867,1.9657023134324914,0.39813374805598756,1.4060390140799572,0.1762509748905123,25.836163015538254,0.49016341241675937,3.120009598921967,0.587250970275646,1.1623786867013397,1.1355801579207259,6.254532952453032,1.3492346244191038,4.475478907753437,0.4279734737483329,0.9552081073971692,1.9754396813896284,24.37398876741535,5.245395517118847,1.4965596171506892,1.7812922548698378,9.28033467010628,16.900480407584993,0.619448892662824,9.170080898606772,10.927980396047829,5.474043684324683
13,4.0,23.554757610596806,6.233834803598381,10.10176704245152,4.20050455791246,1.655445792717148,1.0130335046069516,11.907354231257527,9.396884382134509,2.3564870564004208,26.595509107651736,6.529115606967912,7.952290398687931,4.649751807635933,6.726285505674914,25.20571904951315,73.6712145896789,12.38336048646793,7.224092367880475,0.9807712216731053,2.3376287957630213,1.5124205157824189,1.9986214562434954,2.1610280776125586,3.126608074016357,12.012161698278728,0.9936630577517205,32.64775210187057,12.509140344472476,256.2994872689032,209.8094558293875,24.332250840475787,0.5484751562440404,0.8470579260817209,14.913478670713301,44.72459638091398,3.0712756161218784,0.9958316759931781,6.051207724204068,118.01234695712347,6.828483002500994,7.863001084309121,0.5840775471728955,1.6131686345878262,1.2736600064295718,0.8719479967525214,1.3023260882594931,1.2076588185934494,10.517438850959259,0.7423539860619963,8.682041334517537,16.284639317375646,1.8887466149394911,0.028251973824014995,25.47649119748048,1.0874639698790913,0.02002975039095065,0.6528957592070922,3.1894489639126666,3.7887013899862145,1.9811580857312547,2.183106572874836,21.406980989173256,13.838094667269665,1.9095991325527035,2.5468459681681717,21.510066638696212,46.18482839037308,12.526919744778697,2.559105744658824,2.3687086913642132,1.2707340064404693,14.480316247745563,1.1165060181880595,4.831496183122919,13.816288611484959,21.030398796907267,2.824630708288154,2.195181090520741,4.856636898113084,2.729870809199736,5.615773155993396,11.056727348019637,2.4202705868891226,20.86867327423213,25.635405144747093,1.6413170814103646,0.29384232292796153,32.19226598811074,0.45642330556266925,0.062410435521748846,1.3282132874182,2.29706255755284,1.1055757463479488,10.759593956202629,79.64516392683366,79.64516392683366,0.8715992742212317,3.486969219787824,1.8179232483503789,2.082794357233541,8.59323151361925,7.27952835277643,14.14800547058471,1.547886686972489,4.411846758242657,2.614601666239845,0.5251543369640435,0.29348270281756905,1.6616628615952966,0.6260877146141984,1.1693538280470994,0.2810322186926174,1.2432230679954448,0.04385730709922791,0.4383169778833632,25.444773793501774,1.5201523481558572,61.071024971802515,73.01113187705351,1.3951244231094062,14.300822222343307,13.257041198297799,0.9805914116179091,276.8062682874999,0.4206574509472721,0.8507140638707111,2.4236215924632343,73.50640505211767,42.64503315588442,46.60240182643426,3.1180643719997603,4.187607273044293,5.542252638576341,115.79285881641394,38.85057784413193,112.20799119475609,13.74314406054695,2.266162472006844,0.47992938368741384,1.8386177510666006,0.16322393980177305,33.14318874062127,0.5018498640527007,4.0740599475826444,0.8008249467380821,1.494940798901524,1.2641409710832738,6.396960665188228,1.5517389811853297,4.818212034196603,0.45639061282536086,1.264887455251816,2.4636102589809674,29.736621859453923,5.172421496564538,1.9515221193611838,2.0702457948966635,20.32611550344091,18.940319408043504,0.7686498444370583,22.219782375345318,12.741520321260632,6.714919330670692
14,5.0,22.557540515688036,8.845038456018752,22.12508969527525,2.1299106502176604,1.3403902475323832,1.1029887794532707,11.811701047640815,8.109574405885073,0.9892790891743782,29.495505934505175,2.7298458038557007,7.46864784704763,4.685053976623418,5.5776694642733755,23.885296353189432,58.101495187017974,11.351695838670755,2.810398805126052,1.221689513492827,3.713070794155323,1.4003040337626305,0.26704475993557886,2.0206445303156744,2.9236194900524617,7.098428273013814,1.5421846845649714,5.732083534870865,8.762587901369747,155.18226611458672,152.9531245847441,23.985414883834654,0.4244353848525277,1.1211776524553916,8.68416101032758,23.271275719289665,2.725380972376513,1.236636068396966,4.464331843284415,61.19892418822454,5.875101654645285,2.6196282496266017,0.5755114623917676,1.8489398682874714,1.9481601173612846,0.9956095823787984,1.4886864359482717,1.4835306186449237,10.684995508592143,0.9922769045961188,6.779506423510527,10.115309588225601,1.901311278483233,0.011098295391124552,5.477561564179295,1.2141471374583415,0.08074435119088749,1.1183605564030468,2.9530342250593984,2.5097508730340126,0.8200832372154334,2.0815629036287384,23.309598856152697,12.866076316726641,1.9108415675810713,2.958184727087176,22.361576935956244,44.22654767536423,10.441157241797201,2.1272423818812887,1.9584345450389875,1.2294976533058357,12.394207412683311,1.380116617146016,2.79830123792768,16.521253129368493,4.857981152032827,2.663202878753249,2.056990384666493,3.5841487851937686,2.822273130750464,2.8068056788404196,8.629652859352493,3.6578769726316462,17.167447126296263,27.16224347151278,0.326671521285021,0.33238012724769717,31.11561255893312,0.6813970670309403,0.17290591430712726,1.8725609529226044,2.475334463715271,0.98435182872056,3.854988651886657,123.28402175010764,123.49140254176477,1.0432238209389966,3.534482850263372,2.097407740104286,3.297676693048151,11.466404800756894,5.390603655846538,12.73329010242536,1.7519467196776817,3.8897292930151965,1.9490424531059813,0.6314175308418865,0.30948723536571754,1.8164156970718146,0.33799305825010495,1.3506806210367976,0.3575054348692708,1.695902454062731,0.019097785124669787,0.49024912696598755,26.54274278849987,1.4047103972105435,14.982789137702845,38.42698140185078,1.9105013899445618,12.88103881745749,12.220902852708399,1.3454238134976109,99.0683278674583,0.26781015961772536,1.280162860043479,6.956255282055098,50.14973662809548,43.093575426417985,50.34648155333613,3.6880783684230107,5.233829602895762,5.543975932432217,48.42031604628542,46.58210771937471,111.29531139541929,15.085639719991283,2.6524500762742043,0.47141710561984085,2.66033794522077,0.1328340517814146,34.755779033363986,0.6606090242748636,4.3428459048459365,0.873363559533744,1.392442741193917,1.35369969756082,6.189473628260257,2.8173990230523502,5.007159676193412,0.4058266050803404,2.444192264147935,2.7146866379287435,32.6031455800826,7.1020532909528695,2.7727241318826175,1.9114634548228153,21.510027267363675,23.41642526456784,0.8833828539840648,19.694105890919914,14.530012703508614,7.879321983448232
15,5.0,22.89361781332596,8.37893734810332,20.933396795345647,4.0632049734363616,1.8081568185323258,1.1369928578645918,10.743281978738453,7.5856285132339565,1.0832965501837384,32.57589117151229,3.3133073458165594,8.07493126425901,4.617552741718473,5.236243545222002,24.342269422832498,78.17151761070842,11.058046469083541,3.1997404793686415,1.1004100213253634,3.984832933593563,1.053653763315057,0.3071596849589713,2.145528321252506,3.4023899297486158,18.51629183307718,0.2882114880423742,7.236201000856205,9.125208068538972,259.57523705188817,229.97620706342832,24.74282462680614,0.4076441589244784,0.8267487063853775,8.750131621631683,49.84634038683465,2.865480033397327,1.0263987789767017,5.3866166061295795,116.76367136604641,6.430596844271667,3.1341423853562294,0.5721419492764799,1.622397481373545,1.827642138067103,1.1565739022224113,1.220161774950941,1.4645897925430362,10.749876355436903,0.8957769398901292,6.651992405830705,13.872420083067874,1.9762815160684752,0.007402719648583539,5.717707496849058,1.4215508484941954,0.03286020453203856,0.7753604305489818,2.8519775153026767,3.5236573264056923,3.1876259712081003,2.2134397651551008,23.968378900121785,13.007684576071986,1.9613431256281941,2.856130909013556,23.43578193885311,44.93694393184393,10.751413270651302,2.1131254686527794,1.8366828157988502,1.3817665484287833,11.755763432053989,1.4599365025340487,2.0581421939065834,14.712144821021171,4.899988832103978,2.348039502443642,1.8011954966788803,4.086391652795431,2.7961965336977967,2.9158685166375062,12.109317747913996,4.337031147793809,17.7649476970203,28.79206973021554,0.3083775174298949,0.32100787602571806,29.657198772595045,0.6683985768909642,0.31527502273464547,1.3566866447917718,2.2988848058115603,1.2077441381841,4.430937199198039,74.63736778008817,74.63736778008817,1.0344556182494058,3.4657650806481635,2.5654093033891905,3.0154861491499103,17.654507841458422,5.721153590478571,12.403426948664904,1.8475103568940485,3.7375118991273086,1.7298858215582937,0.5647392296278964,0.2433803625843575,1.74758427772962,0.24589579821207302,1.436409468248608,0.3876855333202155,1.6665106706587463,0.02571806912395833,0.5245348039502443,25.762613074947218,1.4954397757911924,50.13526449300411,46.29651295741841,1.8849653529321044,12.650471444753482,11.816038162296119,1.2471029945915475,201.6969033019746,0.2810161721770484,0.9836789176713341,6.744925254867342,37.24864522785167,40.845239551369666,56.77173884141056,3.2954599843649457,5.482064890793931,5.418774828625977,86.10605246783912,59.16798111030159,48.20999898957131,13.836502002244215,2.882184015018161,0.5283052983689553,2.0121676886177866,0.1317971271916996,32.36361605837087,0.5093039209951127,3.852881583075851,0.826466849961976,1.4017092198958727,1.447577364270178,5.690080249309983,1.788783177957764,5.045729875185467,0.46129260419381085,0.7381819728886029,2.6060498088162563,33.74944559373321,7.339339179638267,2.719510314349683,2.234414137492754,21.491977728024505,25.620078813437637,0.9011056217061354,22.156871712782987,14.418551470705545,7.553204388451332
16,6.0,4687.9394904458595,1690.2855626326964,1546.2101910828026,534.4267515923567,249.11358811040338,267.0552016985138,2246.1592356687897,1183.8980891719746,163.05307855626327,5857.829087048833,940.4501061571125,1055.0626326963907,1095.6571125265393,850.6284501061571,5947.426751592357,21287.263269639065,2812.6783439490446,502.0191082802548,261.09023354564755,121.27494692144374,250.33227176220808,88.45753715498938,430.9299363057325,425.0456475583864,1374.4777070063694,38.02229299363057,605.6751592356688,2643.6772823779193,9480.388535031847,54604.823779193204,5160.330148619958,86.29617834394904,108.1687898089172,2832.584925690021,2880.7940552016985,670.9108280254777,162.73566878980893,933.1050955414013,22380.297239915075,1350.8980891719746,472.0031847133758,88.1900212314225,289.26220806794055,14.27176220806794,181.33651804670913,242.19745222929936,216.00849256900213,2540.3216560509554,232.05944798301485,584.7335456475583,2216.9617834394903,484.56900212314224,9.449044585987261,1808.3152866242037,213.56900212314224,25.222929936305732,557.3343949044586,530.9607218683652,576.9193205944798,644.995753715499,436.7356687898089,2259.806794055202,3273.6454352441615,369.3715498938429,627.3673036093418,4666.3991507431,8919.16348195329,2771.291932059448,421.34819532908705,363.2229299363057,240.29617834394904,1990.5626326963907,212.89808917197453,1180.064755838641,3524.372611464968,1451.8938428874735,513.4437367303609,416.7855626326964,511.515923566879,586.2898089171974,1084.664543524416,3249.3142250530786,566.9893842887474,4327.23991507431,2448.728237791932,94.7547770700637,131.96815286624204,6612.700636942675,120.57112526539278,22.79936305732484,399.4915074309979,683.4946921443736,121.33014861995754,674.4129511677282,22642.915074309978,22666.424628450106,242.38535031847132,905.1645435244161,517.1443736730361,1031.5934182590233,1952.7537154989384,1098.4585987261146,2527.6231422505307,457.7696390658174,762.0445859872611,213.38216560509554,174.8184713375796,85.09872611464968,587.8513800424629,82.64543524416136,377.23460721868366,98.67303609341826,377.4564755838641,2.8535031847133756,121.74416135881104,2724.6008492569003,368.223991507431,15433.946921443736,4791.12101910828,480.68683651804673,2727.7537154989386,2510.670912951168,314.62420382165607,66022.13163481954,61.55626326963907,279.20063694267515,1364.9617834394905,19990.36518046709,7687.124203821656,19990.367303609342,877.2250530785562,1658.247346072187,1018.8715498938429,29399.702760084925,29399.702760084925,16880.754777070062,2103.0658174097666,739.2813163481953,185.48938428874735,667.0881104033971,41.94373673036093,4933.2664543524415,139.23991507430998,626.4893842887474,741.1953290870488,305.1284501061571,276.74097664543524,1343.9968152866243,491.5966029723991,787.8577494692145,121.87367303609342,289.3651804670913,804.9861995753715,6041.039278131635,1867.783439490446,1079.4501061571125,533.1433121019109,3955.0870488322716,4933.819532908705,184.4299363057325,2112.5732484076434,3249.02016985138,1654.9968152866243
17,6.0,22.031537265650815,9.02223642657104,19.715070392780337,3.5296440546674828,4.311510397763898,1.4471065560894223,11.860622836620497,6.564539806182864,0.9213735123803539,28.91739749846972,7.35505695883688,6.022312263348627,5.840970277400099,4.458639163195328,30.18745768036965,105.76050745638031,23.658897008239123,2.6810250965564686,1.0170849426078101,0.5632289133131463,1.3481937304652587,0.35849128147903386,2.0714003260981437,1.727599711820245,22.197939406414708,0.8399573147280439,3.4114199353220624,13.55897663685559,199.1781460074645,252.82846262601092,23.37662168823501,0.8143028162529048,0.8032631482013142,14.264632435389775,38.407200160340615,3.7006072359119644,0.9268716787554101,5.398229752934612,114.82114979388648,6.231226334862709,2.5467344141879775,0.47336774878525734,1.7381410239048356,0.09626937223398896,1.0440557508653519,1.2932120667146967,1.2492375695396165,13.289078962336205,1.1480225560244195,2.876640647429404,15.010400472354785,2.4987947369276355,0.057245933252801896,8.29298997329462,1.342327214027637,0.13416067646405608,7.6190989507440126,2.8495669178308516,3.7134236513241645,4.177766823576571,1.9814362402292438,12.287063870817466,16.453054326217316,1.9643133792326402,2.9628670635458025,24.62594592837758,42.444566024040256,13.60408326878179,2.131750150319327,1.8079541945863375,1.3245922418976528,10.371080186558473,1.161050231031326,7.183032062706181,20.593227775761484,7.33132546436484,2.745968462734349,2.026835385440422,2.924044050333953,2.8087017285368376,5.2968738996896105,16.592854008786233,3.205084314245939,21.54271506497587,12.380332273424084,0.3612972422497522,0.6998705357868337,37.01750204488454,0.514536285189619,0.07015443618064321,1.6025827839681053,2.773589300514065,0.7894608546804834,3.830954405845932,117.96859274025363,118.11243343968539,1.297123077673111,4.057977216465248,2.745648864885947,1.4460935934173678,11.98113831003158,4.181076557226974,14.956854290465692,2.2401913253560264,4.796903692709377,1.1025259063849149,0.8478064212082965,0.38586835818793436,2.9723520776568604,0.4869154474099032,1.792131392634082,0.5114757295227158,1.5805576169917717,0.044684112736786796,0.6423212554236838,14.168769331607145,1.9110813782792635,62.24510446516113,46.12071589918042,1.6850065273797852,15.58766460643421,14.635923881542954,1.2140330540012025,243.2730286500512,0.25436196893942264,0.9853364173622885,4.036141641432882,79.00177674736061,67.38822471520582,40.13797959990683,4.543760529124031,8.521551187116415,5.105678549567459,107.60084937190898,52.22657862377916,46.21782489288055,11.231778859956556,3.980704957016798,0.8699128418749018,2.4588883411788287,0.21228880811670198,26.620572350994273,0.6575427800679281,3.4083810473058986,3.9732025329483713,1.6564593975309712,1.5968625241729728,5.841208621558229,1.8966561397996826,3.6543197170204813,0.7147074596304582,2.4831398592686083,3.954097081909137,30.190084883021772,9.920674730644016,6.985103490116843,2.6176092997556974,19.621368637158938,24.540315372656508,1.2087623979589073,20.457219932071915,16.69637662710515,8.247888758281105
18,7.0,19.465614652169123,5.249761595560646,17.51552863488899,1.628237628127411,1.719770556692336,1.6106364320319726,9.849275681788775,3.781199833236694,0.24746141202516783,30.34707373525846,3.496863603908395,5.471599921410396,7.660358732790554,7.2414713507348605,27.64248918194931,149.77841565274895,20.49324560688905,2.0082614925315916,0.9604847636801019,0.6339353744267512,1.2069015090162403,0.19108774720982946,1.8437121128623388,1.6321671083338525,3.7485084747387134,1.3001068626934191,0.15782134282797983,13.44546887803756,245.30529665179535,155.17820192736212,21.047915698273425,0.8937075604157582,0.800689096650837,13.783049564163141,23.84806808543265,2.439910101160155,0.9002822516879992,2.4619774869536464,100.35834942663134,5.7382295295645465,1.7238485904187772,0.5221847909947814,2.012933740338031,0.44163523881176353,0.8479962046971664,1.1854139611556505,1.1701560770369803,17.081071885527532,1.0890410630681573,6.743596624480662,10.665179534116993,3.322845135351425,0.011237354980616161,6.878626982111281,1.0334724624902363,0.030103652020567473,0.7068224402072082,2.5324685282179806,2.6742748431801955,2.761873499489647,1.8780327680312825,18.3399910867888,15.698656788656262,2.094734017318465,2.6834995375672683,23.696931651004654,37.1179371187326,8.737434049425193,2.1701177406447223,1.9807359628903722,1.1900957930601546,16.38857767192674,1.1355574830241664,4.154260850397021,14.226472237263932,5.886313428759003,2.5055755490490177,2.0051754129548254,2.775669808653482,1.77067170151285,4.7003052535233545,14.407113317583466,4.073452527566262,15.417742082336986,21.23589819771036,0.3813368858390159,0.40554631754992115,27.497845973960004,3.488726704651642,0.03399479583475098,1.1383368714628688,2.21415667125106,0.5235265647238102,2.4925172154361483,98.32237072249723,98.44625477407885,1.0357534778295852,2.9725463510942642,1.9289195367046996,2.806291001969532,8.087383014103,6.0332759884799145,13.378677298626119,1.307889150321786,3.9939620182193702,2.093559965305565,0.47337297955232677,0.23588382156326224,1.3841594027190087,0.5603534615366185,0.9304098639537279,0.28617637615668085,1.033898954854106,0.055578184675985604,0.3965228892222025,17.7553275605116,1.469223065090402,41.883462159584816,98.3212206307295,1.1774399915659937,14.10428457103973,13.216969604032988,0.7590030621193316,182.6678678736241,0.24597108477613944,0.9359207203408105,5.750190483949032,53.64507209637769,138.81553965660177,138.8155300725037,3.302603520239219,3.349963340824903,5.73904896994906,72.40666765702346,66.18788665845629,113.00787333655998,9.825741928991418,1.9879767489780955,0.29590902774117184,1.9276113073188965,0.16064385970797254,23.06695450907854,0.3839677207577188,2.9234805610531005,0.6900838129375739,0.8822641473267554,0.8819574561886917,5.2057274570033405,1.539474503903124,3.4257352201227724,0.3919800267396336,1.9555681213730178,2.136822583968679,20.262776800732226,5.48451928560133,1.8710747128364618,1.276429348425093,15.856487715582306,15.528558216207669,0.3772348918674136,17.875133578366775,9.838771510310094,4.442277373382084
19,7.0,20.890985642138652,5.7564276472306855,11.249838265370007,3.4808527067072914,2.6326902207938563,1.7081629032931258,10.186725238949872,4.480430109770858,0.28889978713635794,34.50923452564798,4.359676948119705,6.751586042823156,8.487462957552486,8.061339162736342,31.71441316415543,84.30171856087483,14.947044951792646,2.1946137150966236,1.232835260236237,0.8670541341458324,1.167322300596853,0.2920718727826704,1.8984306523644559,2.4372313118243665,18.007878041654493,1.436532200843107,0.21838348845945157,16.50566592929588,251.78761634458868,240.73206310780918,24.600129387703994,0.8218049584707208,0.8316916398848032,17.233523936725238,52.470694728494514,2.9041435368754955,0.7033995575775283,3.059408781668684,77.98408739930714,6.576156141742143,1.9486988188154764,0.6321319754580742,2.3164729329270837,0.4026774907133019,0.8683532284319045,1.2311031345214742,1.349205935139196,19.850311991318502,1.1000093910430317,7.635924913393715,13.702971743394967,3.7889050043824866,0.42628031220000834,7.410138152677491,1.1634824074460537,0.03340080971659919,0.6660962477565842,2.81413560666138,3.5713354063191285,3.032790391919529,2.050805542802287,18.57211799323845,17.634531908677324,2.4459180266288243,2.5065685128761634,28.76006928502859,41.44152510538837,11.783891230852706,2.7193851997161818,2.1831670770900287,1.1535122500939103,18.213354063191286,1.378772068951125,5.944269376852122,15.937904336574983,6.360141283025168,2.8702366542844024,2.417953587378438,4.077773488042072,1.9266194331983806,5.400700154430486,11.490901122751367,5.795536124212195,19.901430568888518,21.722515547393463,0.442396385491882,0.4136545765683042,29.78335907174757,5.33122730497934,0.07454401268834258,1.5213541884051922,2.139696982344839,0.5479412746775741,2.6358883926708128,75.09903898326307,50.64473162485913,1.0516768229057973,3.2997099211152388,2.0273175007304145,3.122641804749781,7.5304843691305985,5.033458199424016,13.69907967778288,1.4761154472223381,4.341583538545015,2.3248309612254268,0.6665397136775324,0.2819817187695647,1.6179723694645018,0.5533046036979841,0.9354991861096039,0.2833121165324095,1.174329062147836,0.06132872824408364,0.517008222379899,19.387526607955255,1.4309706164698026,29.020180308026212,26.7484243916691,1.4358017863850745,14.120695771943737,14.048504737259485,1.079015192620727,156.87083142034308,0.27879398138486583,0.9763554405442632,6.735329103885805,40.03630681581034,34.77857485704746,41.96642180391502,3.2483513502232984,4.000245210568054,6.7157748653950495,104.90354355357069,46.02171417838808,48.279305271505486,11.614862890771734,1.461768020368129,0.3805824533578196,2.0200811803497642,0.1864122041821445,27.01337701907425,0.39918715305313246,3.3073584039400643,0.7255050294252682,0.9842752201677867,1.01050753370341,6.0837524521056805,1.588860136065779,3.888825702241329,0.4249760006678075,1.6376674736007346,2.407852998873075,25.016606494427982,4.974565925122084,1.8202136984014359,1.441201636128386,21.02253850327643,17.788096331232524,0.4850108518719479,21.893338620142742,10.112238615968947,5.057076672649109
20,8.0,22.68250182906737,7.422366561855987,22.751112799003646,2.7732012309204537,3.849508246161751,2.08986166107242,10.906145107873089,7.360988087326099,1.9611567524699391,29.19591405896578,5.663797869904442,7.5091732615482565,9.557801321396457,6.050325881163678,22.08141723400334,185.0723417088795,25.858634035732436,5.529831949199399,0.9038217734413833,0.39875902665691165,1.3177997576136675,2.1448900604848844,2.3075569803354314,1.9057765019295962,7.381697039424081,1.0632494289400345,22.78977174356196,10.355151826554149,183.81008974996232,211.34593667796685,27.534489787939883,0.7504872858874188,0.6691091464538432,9.889663954248183,22.514026573137564,3.0057133921241195,1.3719792463683937,6.655141215170927,123.20713978542666,6.9682663792284965,5.680837517383122,0.40785689153490867,1.950601218633589,0.061758250350454895,0.813139126403914,1.2438495864353012,0.8722166062562482,21.835389521538314,1.2792022473792677,6.716335386729069,13.118490056016933,4.234344021044048,0.6732084913405528,5.619950517444556,1.2319424974728153,0.11670846062339084,0.8922386109140868,2.606306512596829,2.9530585915901995,2.2936225586837415,2.1502348466655126,15.94292192814418,12.245178801807286,2.0999983245184386,3.0867731900610433,21.895773877008484,44.77360334649517,12.969679368678548,1.981418909484901,1.7424226346389058,1.0066684166140751,9.41383836070884,1.2316744204230032,6.979374821980084,22.368499829659374,5.191524297275109,2.8400864548485645,1.8451352392866915,5.514685595885017,3.6786984859231624,5.552540309293896,9.029293002630506,2.18516305228061,22.246686735212478,19.94963502426656,0.3644675040351181,0.4407242548295756,35.694894807682644,0.5759356168285368,0.07500013962346344,1.9457088124745188,3.2300492033085177,1.085790240878399,8.393458919984585,126.4843258699938,126.65628612757116,1.3483270316610165,3.904944346087471,3.0440204855545563,3.224961324300626,8.328433480589545,3.8469503443114608,11.793630936091548,2.421847162571976,3.867223671203498,2.780087460137501,0.5170927043947882,0.22608948188525185,2.7518388410135546,0.2141377134144639,1.5699206380233786,0.5188407901571043,2.080769381132961,0.028388242587390325,0.5327026076078033,23.15697586748058,2.119015040239482,53.65980463884995,16.888815043590444,2.2976716391236116,13.308389136177556,12.519287585240125,1.6556550295164,162.9818321949367,0.21208804097110912,1.4693247250814006,3.7759210959883385,63.56420724589926,23.563174032269774,51.290081707650806,4.5481449626646855,8.177947311689834,4.694582051124527,157.44168486425806,157.24130843940063,51.99006997927988,15.441673694380993,2.5320938493071883,0.9187112195830285,2.917705930646233,0.14579482052800008,35.66392073855227,0.7521069180633667,4.7435116976537675,3.733028768018408,1.3486453731576684,1.1910719172535507,7.376910747097228,2.7125767230931626,3.135300721015565,0.6677631762662452,1.6165437049365272,3.3805409571467666,36.00012286864783,10.208580699569401,5.828542386891033,2.4492021915298823,21.57600822102953,28.816607373235858,0.7683981837779875,22.88096262000637,18.6414525308149,9.767342630394353
21,8.0,21.18860818233815,7.518351445560795,11.509243171492397,2.3172355740694774,2.5084337869484044,2.0248642931914573,10.411323829360155,8.68737791783128,2.185359852368259,29.844204267075316,2.4983002924576154,6.9430948706603495,8.515453848893301,6.207947077042617,22.2834950303789,104.62046339963092,11.24209770890215,6.527605408847113,0.9287741601286382,0.4659303065948653,1.2655968401627402,0.2864843572947131,1.8436700732762807,1.587850598404973,18.208270830860215,0.9249214896992327,29.785070632291205,10.610923453805727,130.76872106450256,193.5810409764415,27.468201979215007,0.6518513322469595,1.0554320494695832,9.620765569860678,35.74556187475044,2.801252927274101,0.768532208108954,7.4217594940807015,65.18135070092701,7.214745907212156,6.543312864897532,0.3292738201871297,1.7371820467716348,0.08888661062128357,0.9310728122335776,1.2438351877232552,0.7750612434304954,19.597924738029203,1.3745292079902443,7.304592987492311,13.42424700257924,3.862048498321876,0.6102867379644519,5.758172085945847,1.2344409311159794,0.15216969016759657,0.7202173467295468,2.6369856361222928,3.6099575882498947,1.4893646870919353,1.9326861854246031,15.70879423286533,12.709770890215081,2.07256402231743,2.4639931795862426,21.411264474493596,41.44406613211314,10.084488954598923,2.1106482630607686,1.6061049178204894,1.0619772724820047,8.861201342499164,1.3841716758576779,8.253019004349094,21.66839515232617,4.846254707920098,2.5802261960005612,1.746986391547867,6.153351391601826,3.3141976840810248,5.4587429718442095,9.848467025673678,2.120636068333639,18.1385342585498,18.671594919223423,0.40927878441233284,0.4471633769681534,34.6367698002439,0.49946041030400484,0.04234160344474062,1.6946731705211358,2.559478972189547,1.227453244552842,10.137584580684846,44.00719812654457,77.97543248114134,1.2435546010813376,4.360785858433247,2.9014169625416835,5.605171427646417,5.693297216796348,5.803454453233761,12.341684383195018,2.281385234667559,3.616875128152553,2.635933436215102,0.5213030011978891,0.2480116119702578,2.7816658213094763,0.23405242653486288,1.6671001370557827,0.45541909931687946,2.0079859275007284,0.01861044861487325,0.5087359571781618,21.065328124494133,1.9695887247337125,37.23366392195375,38.99550521783236,2.1910093564853286,12.35497987330434,12.175517736313308,1.5636014374669502,146.15363197824374,0.20672760432966772,1.0479263567982906,3.854138113378587,45.274057606595946,53.11277424646299,55.491938529941834,5.2116594541510635,7.827709010068744,4.646487810668767,49.02967743327974,62.602138933554926,83.4572752878711,14.840254470500632,2.180557504073902,0.9556781023709571,2.254260060649882,0.11290374799002838,34.84037857613071,0.6812481788847761,4.560639090035937,3.4229304037210104,1.1924284773857958,1.0918975211249367,6.993184982139581,2.002336423383659,2.769552032634385,0.6324153113972135,1.4250617830201915,3.276577490476242,36.980844565792175,10.506275428164424,5.240797297734803,2.5001672728057587,9.987837648252269,28.23968034706409,0.7390004640471386,14.762548158380367,17.20203317397451,9.508584872063283
22,9.0,21.61698103717117,6.560565363915296,14.764136612846436,3.60312358533273,1.3182485790453196,1.671289170564861,9.630501483828782,7.074352396760727,0.46900558322015995,33.996966953372564,5.4884060157939745,4.843790553795081,7.2871787133443995,7.202691011518535,39.74660228358734,80.15564106433278,8.122941501936522,3.3546300487903022,1.125547004677833,2.3551833408782255,1.3846637493083849,1.8769729892862532,1.9515467028821487,5.168276243649716,4.478436698355214,0.14979628791308283,0.5578290830441125,15.39399929581007,250.36398571500428,102.05495699411499,26.44673809164529,0.507570041748403,1.329425079221367,17.49706755193401,51.43717116845229,2.6829586036919673,0.8659021175997184,4.1933906745133545,49.28938685176802,6.103108495548514,3.424636587696796,0.4214124038026256,1.3223932397766711,2.0303857954831246,0.6751119158996026,1.2044615461998893,2.2284543031034656,17.323776469996478,0.8828932146270309,6.938891403852925,9.662350988380867,3.240973794074745,0.4557919621749409,14.097399527186761,0.941366128464363,0.02575323172878628,0.7565363915296012,2.7816055530405914,2.463533021477793,0.9930285196921684,2.092233791056788,22.03324782455611,20.750993410794226,1.9985564106433278,2.6393843368039835,26.93367536844223,44.15799004074242,9.311875660178059,2.6370353603943464,2.0798350183592373,1.1517328102208138,9.905859866203913,1.4548664554096877,5.7259493989235954,10.890241939540264,12.236104823701021,2.6381721241386247,2.2359991952115084,2.803651727780293,2.636451888737991,3.16689804335798,7.611498415572657,4.659468839595593,14.089567929178612,27.611065841758464,0.8474473115034455,0.2129218852170414,31.933278004124542,0.5511795181328907,0.1126251194607917,1.516548463356974,2.0875861375182336,2.4780644836778833,5.007514712539611,36.743720134802075,35.65777375383532,0.7214979125798501,3.0368492530556814,1.7575222574317186,2.930984356923696,10.374090840500982,4.923394195463005,10.993516422715155,1.8048589105175796,3.4139479905437353,1.787309491474272,0.763035058598662,0.18326542930436096,1.483823751320356,0.2383079321965696,1.0335295005281424,0.3526532870579951,1.7620139832000403,0.03397213419848096,0.3657411599014134,25.24929329510588,1.3961571349529702,17.02667370856597,22.839751521553243,2.0711533625069163,12.683029022684975,11.768703787535838,1.4903525979578491,73.56295960967758,0.5252250892812232,1.1890448166591219,5.0943866002716165,22.105487651526584,47.712569790252,21.699441677984005,2.6773804134600874,3.577415622956592,3.8299582515970023,73.9098385393089,91.92272018510135,50.03011920929531,13.752331371661386,1.7040390322418388,0.3705296514259846,2.576957899502037,0.16553493285046023,31.796544439414518,0.6303053166339722,4.157532317287862,0.621296715456969,1.2987374880539209,1.0762838891403852,6.835003269453247,2.2001156883456567,5.411624163774458,0.40126251194607915,0.9980332981238368,2.0124591318344147,31.94658719380313,4.505814596851265,1.5985513807152558,1.7627533826266284,10.132397766711936,22.552854484180877,0.6753835320154922,11.367868819475882,13.440294753785022,7.315341280619688
23,9.0,20.34005873036822,7.507060842021908,8.461836258853548,3.5287602833135367,1.3990750516915227,1.6971426686023492,10.37088117548722,7.787267388148344,0.5543585851920285,39.723967269367826,4.307328098191896,6.3033522502309625,7.683730368219612,7.186650389336149,44.99339558312437,110.87531344859443,14.934428753684395,4.071345299370903,0.8715080726760811,2.6808543398882585,1.5221778628304958,2.09071312304782,1.8746755532092736,5.436056486736176,20.58955831243676,0.16279530157054242,0.7719084070212485,19.35965751616735,234.3885442787383,249.66035370199288,27.973307377590075,0.5295521534468347,1.1622178962650125,20.819789054595045,43.93130526593639,2.9029189212969073,0.9278573313976508,5.2013659759799395,122.54674233425717,7.317176982974792,4.015353482028948,0.4376952179842506,1.3277462496150632,2.209730104262901,0.8324424794333729,0.45406053407241215,2.2216851436364435,17.831353658000086,0.9302549381901368,7.761531608816155,14.320635915709824,3.3514418635343803,0.4853119088469491,15.366591878931855,1.1774119044476705,0.027017069200651094,0.964354845805288,3.5160298711011393,3.6456491135453786,3.305419911134574,2.273090713123048,22.280998416259735,26.26833949232326,2.2332332497470415,2.731775988737847,35.965493159121905,39.765853899960405,11.764160177730853,2.7460681448242488,2.4029904095728303,1.1753002507588755,10.430854339888258,1.52046214420835,5.8212903083894245,11.36065285293212,13.473939773877085,2.8390853899960407,2.3691269631780387,3.386652588975408,2.8702982710835423,5.356418547358233,12.151324182834015,6.13995204786415,17.668217412344376,32.14505521094541,1.1413983106770489,0.2063866525889754,33.08476309885179,0.6989463727948616,0.07098785799128943,0.8650081386652589,3.7309566231138094,2.8173144604284897,6.030992917161585,117.86164269059874,118.08020984558533,0.7057157626149312,3.610267916061766,1.8420549029959086,2.348499846025252,10.071174827328319,9.38953411640491,13.216037569838546,2.443144824248823,4.111510712243192,1.8952311820861378,0.7414599005763055,0.23538889622101974,1.4754575249659057,0.3397617790682328,1.1257148827592276,0.44848444855043773,1.7609652017069202,0.02880427609871981,0.34287976771809425,26.685330605780653,1.650427829835907,55.06823830891734,57.73106660507677,1.8695228982446879,14.983359729004443,14.452630768553957,1.4389655096564165,242.1621354097928,0.7210087545642515,1.6754487264088689,5.197967533324535,45.945998856187586,71.20296071444284,71.32231863974309,2.9397298842989747,3.875973340372179,4.382698737407066,97.72071180326427,93.75660991597378,55.74733293739827,15.991476397870748,2.1210241520390656,0.38986406229378384,3.3733612687519248,0.16771149531476837,36.61559104306894,0.5756180986318243,4.951717918261405,0.7524965905591483,1.5524888918217412,1.1854570850380537,6.544476705820245,2.7764176675025296,5.498493247107475,0.428874664555013,0.9637719414016102,2.5170582024547974,32.4790154414676,5.348406361356737,1.556789186573402,1.9927356913466192,19.542612511548107,23.24668954291496,0.7068815714222867,21.25276054727025,14.89226166908627,7.917651005235141
24,10.0,21.964161576439366,2.3808994257041705,14.552333983378192,3.143154920194906,4.338721721705589,1.3599260775433677,9.597444947647213,8.699523479512843,1.308003072939331,32.19484154485041,6.772699190398677,7.318957134645242,5.685303076699921,3.6653558324066164,28.358932207305216,76.8822505520009,12.510838557867423,4.4446038218339865,1.0582569127704267,3.580060276886876,1.406960315030004,0.322395388442095,2.1960986563948834,2.8351088690831143,13.371019818309776,1.0488285761868692,8.759440424194562,11.322395388442095,461.75778576455485,461.75778576455485,24.806716413901288,0.6295442702037702,0.8443867820630597,28.347290494839932,98.10013914183334,2.755207074207187,0.72795354059557,8.180379389817396,120.1197371884754,6.379857205022,4.62794333327961,0.4352883029531377,1.8110088588757984,0.07667843194137777,1.2669266846100538,1.42503800882127,1.2328449938487491,12.460038358018922,0.5004647014897309,5.412440032018739,11.86183054781053,2.3619997743645946,0.025851370735087916,4.382623924874155,1.6525805706426848,0.17908467237201905,2.517118743318237,2.9175248870479904,2.679946921957011,3.884163080675402,1.8798061684422025,8.731902160190394,16.191446269226017,2.039808532241688,2.8453161850425217,25.04153303141167,42.98264219059745,10.914736678109605,2.0615447429636675,1.8752128762604692,1.5014209658269806,8.693694564872866,2.191118560661004,4.973799431613669,18.314858091446805,3.8481742335111555,3.084092166690842,1.5039083275581413,5.410935795982615,2.0226763582445564,5.190721012565743,17.695580232189577,3.193659645107741,19.671308309292417,8.463460495001101,0.2837150332274996,0.43411177548202706,37.69441444926158,0.5121279030412429,0.2544468977817891,1.3800344899833996,2.4855512756458813,0.7073992296162587,6.827190140807238,120.66061748889283,120.8205070349896,1.236847336159148,4.9051525456508775,2.5157165804417083,5.9074357610628505,10.399960245190474,9.578265938186643,12.202513148634637,1.6187567489161443,4.006199601377451,1.0043085617891814,0.645252792238142,0.39515743441799495,3.8592572297344487,0.3664372706711579,2.072633111458518,0.3147828796450003,1.3222342202953674,0.020704734582923698,0.5584959788547391,9.573054834775789,1.7613583251406193,42.0787521287626,63.350352689627755,1.5537683798840665,14.76288942253453,13.835313015402303,1.0482967213026684,229.726454676831,0.16444523237760622,0.9556196646628093,8.110905174034738,51.83547955582059,101.19119377246281,69.1235246399235,5.820297516398859,9.962308142752,4.325871248139851,99.80000107445431,23.469627862749206,70.90863914989175,6.602006006199601,4.40539161173519,1.0848281678942306,2.2931917202550753,0.12887005012329364,15.354607528701361,0.44278262177596556,1.9029875202131716,4.146705991694468,1.9225318441396575,1.725600485653349,5.820598363606083,1.8748851676954568,4.379792737763308,0.9153598616102847,1.315196544554934,3.7271208385041446,18.95212768815038,12.78229406740052,7.611869496779323,3.258309561031691,19.514303673022063,15.48562111517613,1.4635733127038106,21.541809703396886,10.702848915606985,5.607480350916778
25,10.0,24.374725216438097,3.0102664442859752,25.866583372132084,2.6328066525616016,3.905279969825376,1.411700917615026,11.750251946322173,9.891624773837659,1.50013849680868,33.08863206407393,7.38118447185568,8.713093547227412,5.667006524083711,3.929749703852569,32.35119254592495,107.04083593137631,5.207586089026927,5.660246701123887,0.9358258829908238,3.9021682117409933,1.4248610611802286,2.206713853806305,2.382410315949528,3.2610753245834783,15.545919058928918,1.1297862434361352,10.855379864332063,12.992002545983887,190.70022807772324,246.79777697888366,29.74434078465809,0.7766429552272232,1.2478149918375285,31.21877191638329,28.556462496832253,3.2289794258570597,1.2814903435310203,9.745495906977293,134.3063549408,8.004561554464606,5.9138903458884124,0.5468738028866271,1.8468402100436707,0.08978129291191013,1.4907266072996659,0.4793934429127942,1.3837422427053436,13.332374660388144,0.5948054856523199,8.510145627920956,17.350644452171455,2.573606633702462,0.02858338391904714,4.834363710300037,2.0628952315843447,0.2410610623589248,2.306684975748325,3.2336175955775315,4.741629783296696,3.433972383147001,2.28958209324666,10.53782141573206,19.179444716199413,2.209088926738135,3.3225266532688194,27.99649337867385,47.791482740940246,13.217381054815268,2.4742189664012635,1.9531173568915423,1.5862894052888101,9.84473623724798,2.5644010160361623,5.031854265996381,18.75149547085968,4.329404345853052,3.556338733726625,1.5449289540838878,7.45182963124488,2.235874798884953,3.0949675563858814,12.420081447910466,4.384184253796875,22.99161946970456,9.284773012570795,0.37675846745914343,0.47675316332604506,39.38692472256437,0.5001856446584433,0.36336847812634443,1.5776083074511282,2.7213385274547823,0.9003824869312054,8.836897907224818,72.37817879643326,72.37817879643326,1.3576223339364328,5.0540844771598135,2.675410628304033,4.690427218453668,15.300968298964515,9.944825228814409,13.837451894459539,2.094649308399979,4.530218824957714,1.1487632529658944,0.6521490579270269,0.4156141891453863,4.058039003058717,0.3551411783426352,2.2339770979319775,0.42678233605808613,1.4683431656245027,0.03246129456208488,0.730732736520135,10.477212854861238,2.0893216013767173,121.42321677991973,23.195539813412385,1.6132167209849186,15.651223781375421,14.809481432587415,1.2866883939674327,113.90489100006482,0.18161941076974758,1.22005080180812,0.7015835784039274,45.820673153425,27.51454216491139,126.22590892214122,6.234731463528192,11.290589878535352,4.647799668786355,152.317505407269,64.20553515756222,57.703404664101036,7.206631345069219,4.440897223580997,1.2596373151656952,2.4686732005728462,0.09490272809245694,16.509603427648678,0.5116484656321643,2.3470788960330977,4.387838212153537,2.1017804206766897,1.8679506597752227,7.420706156919831,2.026626748153867,4.398652750193012,0.9335451057585205,3.626889597416298,4.07511241815428,22.820254716258347,14.674220145097507,8.01327801318961,2.8664949699137785,22.03771238632948,16.942096547009353,1.3818386482711473,26.073409202081578,11.732824922353386,6.372350143506268
26,11.0,22.558729516056854,24.755236857246363,21.52843778634901,4.016237986660132,3.9375945617661476,1.322692692906003,10.813284463102265,7.23968078078718,0.6965393057301766,43.099367102094746,6.4158213821467385,6.276802267351418,5.101162443795682,4.809113090544889,38.4079900696827,180.156413152343,24.68343384405566,3.3402199160398065,1.0867251262599356,2.0991859696976154,0.0840187951499137,0.4695697572825879,2.182304430285337,4.464300935495557,5.849654782960769,0.1914356340699384,3.736484326720225,19.299049587657425,332.9962708035886,332.9962708035886,28.1990325399024,0.9558729516056854,0.9148144991156477,19.187743729622607,102.48255801564132,3.0401527905044006,0.9549939267372728,5.778293945915997,122.56063673365014,6.859473224369766,3.6993894772732117,0.49089543333262303,1.5276386728322715,5.324477379760053,0.9349628145843544,1.354833038549236,1.6838866750484796,11.09753446842969,0.6608668783429582,11.940753723868989,11.913397404479298,2.2462388390478827,0.3408112600421932,11.5113367570908,1.3191126643510134,0.01984997975579091,1.739467683849383,3.0094881411554115,2.9587870522300594,3.370719415262003,2.0426300424062904,24.08874421974556,22.38979691861828,1.9238551367016856,1.6865130948068277,37.893696592579964,46.235562682464256,12.54414303066465,2.360815735077887,1.870213310034735,1.1928687109766232,10.459064078249195,1.7843831909135466,12.735781106825495,15.898912140132547,9.611870564919982,3.0009589362200866,1.8092835680951265,3.5682336394826004,2.171484433268694,5.583683167472883,18.900686172139707,4.853256121209538,20.873601551345708,25.66910307498881,0.7106409955888934,0.2211093826581712,31.96017218232574,0.5018219788181644,0.1989686108210625,0.5834114688771922,2.5838163530590066,1.001571589916253,5.3570705563961045,120.59981460566412,120.72763014895476,0.8274074626547616,3.5269780723251007,1.7929923072005456,5.627559826965286,9.61280819144629,8.523733671447141,11.403248662816715,1.589255652396275,3.441728642359409,2.2209708696486032,0.7236505636414005,0.24805016301915742,1.629232637926993,0.38205084492935837,1.11094892066401,0.348791740362691,1.3057408315042514,0.02310503548064014,0.38828925778336565,21.945452511347412,1.3476623265923668,48.801526839559315,30.089159758774265,1.563092675858248,13.418815394122786,12.447359728940695,1.254134080593262,166.41473991518743,0.5874017090374412,1.0922070449847636,5.823529098386857,66.52023888166727,38.238625950945085,43.8392822895135,2.7863543375881688,4.546668229377544,4.52738828393036,67.07277260425768,52.932197881816435,52.92766957188825,10.731023717689176,2.1924158799838045,0.5217412150787393,2.3512956293818057,0.14315852281202718,24.6089671191425,0.44377970038570547,3.451701579048309,0.5951690924201419,1.386131651288171,1.1795661346346453,7.3812091120250605,1.7202410126366483,4.596586187056492,0.483996419971445,0.7615978008396019,2.4906503718541564,25.82063630745626,4.874587124683019,1.7987991987555139,1.8006584695377927,20.914217827689818,19.191174590321136,0.9861167345025252,25.264208238327615,10.772305921963902,5.885646855754683
27,11.0,3645.8491988689916,4468.152686145146,2039.1460885956644,352.16116870876533,661.8105560791706,227.1602262016965,1707.841658812441,1509.9443920829406,132.5259189443921,8476.51932139491,1297.0009425070689,1292.2846371347784,893.1498586239397,896.8576814326108,7388.702167766258,19069.954759660697,2597.678605089538,759.583411875589,164.90103675777567,387.16682375117813,266.5918944392083,79.59943449575871,334.2243166823751,750.2855796418473,1861.029217719133,251.80207351555137,697.7417530631479,3689.9547596606976,51292.50895381715,37782.67295004713,4816.805843543827,47.795475966069745,189.8416588124411,3739.334590009425,9187.079170593779,532.9264844486333,186.66729500471254,1242.7728557964185,22015.22148916117,1162.1545711592837,781.73232799246,84.60414703110273,273.85673892554195,857.4571159283695,187.12158341187558,247.48916116870876,284.119698397738,2052.7097078228085,119.92365692742696,2080.4373232799244,2252.6804901036758,378.50989632422244,3.54382657869934,2057.1743638077287,262.9085768143261,3.7869934024505185,319.6540999057493,538.0292177191329,603.0122525918945,206.69274269557022,399.6277097078228,4442.767200754006,4294.185673892554,421.51837888784166,284.57681432610747,7290.311027332705,7347.57492931197,2470.7530631479735,416.76060320452405,374.7276154571159,227.1555136663525,2011.53534401508,291.07728557964185,803.2469368520264,2592.7681432610743,1759.760603204524,498.3383600377003,330.1875589066918,703.4458058435438,350.46182846371346,966.0179076343072,2227.315739868049,1039.2082940622054,4022.177191328935,4196.114985862394,124.38077285579642,32.87841658812441,5410.559849198869,101.33081998114986,37.04806786050895,314.01696512723845,687.2327992459943,194.3430725730443,1174.8953817153629,13419.076343072573,13419.076343072573,137.3760603204524,570.138548539114,281.1206409048068,576.3402450518379,2138.9877474081054,1071.3147973609803,1949.573986804901,268.559849198869,608.1762488218661,425.25918944392083,124.40245051837888,44.62865221489161,268.80490103675777,77.19415645617342,230.21583411875588,58.43543826578699,274.74646559849197,2.4985862393967957,69.0320452403393,3681.051837888784,236.08953817153628,5388.760603204524,6998.490103675777,306.05278039585295,2292.604147031103,2147.8077285579643,232.39679547596606,46891.87181903864,115.5315739868049,294.9396795475966,363.3072573044298,7873.43261074458,5987.788878416588,7272.914231856739,539.6644674835061,772.196041470311,840.6343072573044,20600.870876531575,5689.872761545712,13499.14891611687,1737.2865221489162,418.4005655042413,77.88124410933082,613.7935909519322,30.546654099905748,3953.1300659754947,104.73138548539114,534.3129123468426,103.8124410933082,223.39396795475966,203.76437323279924,1281.828463713478,544.3666352497644,877.2252591894439,73.73704052780396,249.13383600377003,424.5032987747408,4142.563619227144,917.1394910461828,343.0339302544769,302.98114985862395,3724.665409990575,3168.59849198869,155.4750235626767,3891.388312912347,1967.147973609802,1034.51178133836
28,12.0,20.097594575060995,6.11742393007339,8.882639128051649,1.315353683322096,1.5199093903249434,1.3879432864924646,9.793877541121173,5.667979569167487,0.40686557462929096,29.722471490451543,4.045595875028497,5.8478455949049035,5.992442726245277,4.958677525599174,24.866321625541453,78.36099806460062,10.564428426602769,3.4921589646825995,0.806838411129274,0.7966957542479348,1.41406390213379,0.25064634578165396,1.8274923723921828,3.332971153333107,21.81384271363365,0.9968907493730568,2.018408121886505,9.704398061690249,160.34887635271804,185.4326417958954,24.676453611047783,0.6020013678762508,0.921497484950936,13.783676676739798,28.567998486605,2.2737304701710817,1.0060632812537895,5.2240067132650045,111.2644803282903,6.207019824504387,3.6053434485033398,0.44696569152935356,1.2704854020440535,1.8948141968092589,0.8694793824184246,1.185027090740642,1.1501122919688203,13.339378828962111,0.7873874048671171,5.733235027333272,11.378329347736456,2.782910277989319,0.009919528131199704,6.201068107625668,1.2622538914139088,0.032242104395151315,1.3809050296130656,2.8398663167749163,2.7286948423304342,2.2386167957741354,1.7013712716883571,17.625716073516074,13.929413704955884,1.853734253658584,2.6123477510077175,21.394724460246703,39.00054812062534,10.223875746389922,2.3482166677176353,1.7752899461095561,1.03912029064945,9.560999034725624,1.3139178983211988,3.257117079535698,11.992054676245035,5.475385503422116,3.0261594206413496,1.750910704844319,3.5588599090992874,1.8970066793106293,4.748645462967904,10.134730960084207,4.581308601613318,17.34501040459063,20.501195679063247,0.399512027124695,0.1722553951076596,27.54130064658831,0.43313655964571035,0.13100568008187854,0.8697316149185823,2.3315790239572367,0.7202984104501865,5.2916389776822745,53.23283000014552,53.232825149520515,0.8661373017913359,3.130151970081345,1.8533656061583534,2.5750998016094373,9.28643425705402,3.8213126761383203,10.3446417570904,1.4299691015187306,3.0756697500472936,1.2989634214368522,0.5826619259891637,0.21692965138558104,1.609059027255662,0.3929054758705659,1.2772714264232947,0.28815137830509463,1.1341003788338127,0.012805650008003532,0.3493371620933357,21.01324705688328,1.1971730557482332,31.428484810267804,100.60265135162666,1.3285861883303665,11.06536217191585,10.451195436531997,1.0515960981572476,165.14723102071702,0.26080355453800225,1.1734923044834327,7.588094625992559,36.26216658016386,123.97077983498174,123.97077983498174,2.7364897967103063,4.28534286642834,4.38684704524178,117.35657429459786,117.25484698703428,81.25861592266163,12.202760975751726,1.8068966186293103,0.41160948588225593,2.167865579479916,0.15296931009560583,27.84534752302834,0.4752981921720614,3.7865094417415683,0.5797515509873448,1.3245844227028654,1.3555508127222193,6.677671117923545,1.6553242885345776,4.802972463001858,0.33965046396228155,2.5560805009725502,2.342313457088946,23.91862106432414,6.222648538264155,2.258315183911447,1.958134255598834,19.206166114503855,17.898267841811418,0.7885176004928235,15.504882154065552,10.698198962936374,5.35334377834584
29,12.0,20.38902557070259,6.652446156328144,20.39089598289909,2.7298338307655077,2.2130606195047187,1.5695279099782204,8.996808703718642,6.563372186819392,0.5578567395337581,30.66579111881907,5.207590546099863,6.340304105832056,6.315414011454384,5.031973461321288,25.36269863676696,64.05222533677502,7.53053662176333,4.162735944180044,0.9841544325239977,0.7575925627167863,1.1040372670807452,0.29803581511656047,1.9582560296846012,3.0082076308784385,6.726632451399532,1.0066951681858514,2.520267000080665,9.554186496733081,251.5298257642978,99.57110591272082,26.63847604259095,0.5546956925062515,1.1892242074695492,15.6168730337985,46.65807251754457,2.4439380495281116,0.7292086795192385,5.73154795515044,116.211301121239,6.600185528756957,4.154891304347826,0.4980237154150198,1.3199261918206018,2.03588065661047,0.9379839880616279,1.1951530612244898,1.303218520609825,14.203416149068323,0.6916088569815277,6.83260062918448,14.783334677744616,2.965883883197548,0.003897112204565621,6.657729692667581,1.3122832136807292,0.040932282003710574,0.9303813422602243,3.047067838993305,3.6943514559974187,2.033460716302331,1.952039808018069,17.580463015245623,14.995921392272324,2.0468006372509477,2.9059853190287974,22.39638118093087,44.18439440993789,9.393149552311042,2.066195450512221,1.8910875615068161,1.1070168185851417,9.226264418811002,1.3793155602161813,4.830851214003388,12.127908969912076,5.896905501330967,2.8144208276195855,1.788184641445511,4.127651851254336,2.1575734048560133,3.172335040735662,7.52628660159716,5.046452770831653,16.5888672662741,19.616631039767686,0.3892373154795515,0.18597745422279582,28.15582903121723,0.46400842945874,0.16462148100346857,1.359431717350972,2.4351909736226505,0.7913708961845608,6.136303137855933,76.5685851415665,76.5685851415665,0.862789384528515,3.6521033314511575,1.9443665806243446,3.230902637734936,14.94841493909817,3.3574100588852143,12.909544647898684,1.684051585060902,4.095249858836815,1.377848471404372,0.6649038073727515,0.2353694442203759,1.7855680809873355,0.4403232636928289,1.503050133096717,0.3985288779543438,1.3031479390175043,0.00878236670162136,0.35399693474227634,18.876472130354117,1.335025611034928,23.409554730983302,36.14101193837219,1.3215596515285957,14.706325118980399,13.650737073485521,1.164203032991853,186.32751875453738,0.2619988706945229,0.9797430830039525,3.8402990642897477,29.924235702186014,31.25174941518109,37.227610510607406,2.583855973219327,4.393174760022586,4.165927240461402,78.36817375171412,62.37487396144228,40.95555376300718,12.063064652738566,2.5587743002339276,0.4476486246672582,2.010244413971122,0.1921987174316367,27.585418851335,0.40796160361377753,3.9852534887472775,0.653474630959103,1.183139065903041,1.3156257562313463,6.80913224973784,1.6484078809389369,4.6934288537549405,0.403167096878277,1.9582005727192062,2.4294133661369686,25.475921593934018,6.106628619827378,2.4027032749858837,1.904477897878519,18.62152637734936,17.281434016294266,0.8103775106880697,10.886126683875132,11.009034443817052,5.7522989432927325
30,22.0,20.454263194413247,8.802322156830446,6.5153820427193,3.564595594291448,1.7751221728040094,3.6137442532608532,9.205534839840064,6.0064792767969015,1.407630371734779,39.697261032990404,5.232844642117296,9.45638967508773,18.968097798144072,5.728579201421647,22.536741692498914,109.09853192965642,15.785864394427223,5.3596747383081,0.9409577149817053,2.4676360623168656,0.8894230049268461,0.3070618126999815,1.9556833440655714,5.141405973114495,12.101701683713454,1.2291557472383206,15.536542022952014,10.701818490398392,184.71403826666867,85.7616744288203,23.248154304625846,0.4780388457103494,0.6195845875076748,11.973404016352935,31.286710494132212,2.3118738487802686,1.7650188937308755,6.33064777792753,105.88179562823527,6.1317170083511785,5.981520583434416,0.6198391661799721,1.4317005356135595,1.585860401036285,0.9543355746239973,1.2917371749754156,1.1379017725664027,44.22532209193784,0.62353305279762,10.644812834758474,10.503751291612382,8.970743419640495,0.022083451887126807,5.956766551357504,1.4085538433891909,0.07035855658884546,1.2378064303577578,2.7258636955838087,2.5913513135760318,2.4206887601020313,1.8528884695828405,18.12938087465245,13.149951829721811,1.7730955269029756,2.6616250106074446,31.077177271615476,42.219896072000836,9.09261671932951,2.6610709276147975,2.004527506975955,1.169724106603571,14.835402409013083,1.5932581577489255,5.99098491995747,12.592694091278933,5.248024519420359,2.735797255542078,2.040622769316781,6.935831199365051,2.416495699617134,4.362749649330358,15.795633227009299,2.2951664994434213,15.743175045300028,23.300347924185473,0.358167233229006,0.6096360523333882,29.494995781980823,0.5029825638568169,0.09823242533606881,1.9832726837084624,3.72366733056791,1.5974262595404605,9.031552780148854,102.23165660831324,102.3130119651976,0.9506916053930745,3.99176363119038,1.8860286226295482,1.6631325156865389,9.645531645127313,3.5315003668927925,13.40607294926896,1.8074636476631176,3.9796886153416096,5.922598100144262,0.60656114131113,0.26552555520613386,1.715740449555985,1.3333832507200583,1.2849933360288721,0.37451517738143375,1.866431056601325,0.04237486959082718,0.43036274964933036,19.476436497596477,1.6211869356215463,47.508049178609404,28.693013063380107,1.9994009913593003,14.795683144396024,14.04108200927465,1.559888384723283,208.67903619509713,0.2026895487967414,1.6771343426628929,13.469118608702598,57.914925797804635,25.672861414359236,43.83251219232171,3.2628949089257278,3.8347285242922964,6.345423324398121,88.45939969350725,50.81402778401745,71.92570795333722,11.393888115169394,2.5617952288961767,0.39285482526418775,3.6771692848336004,0.19915040607794102,25.106408893281618,1.1862866955189162,3.3210885983696983,0.7195241874697376,1.0893221718056616,1.3093330537959678,5.271565558999855,3.175569432589065,4.874662433672272,0.38246202534804896,1.3006025028577703,2.5453224912769365,25.440665698269363,5.688740135076449,2.4288402693542186,1.9142419296065012,18.149592424537392,17.77814217470087,0.744727476027175,17.06650493433368,10.449825538733396,5.575128162890416
31,22.0,19.28546076745742,9.943001829912154,10.505238192643864,1.8876069061216367,1.3720139537712224,4.07682866825517,9.318437885262849,7.599973463509562,1.6249841057479144,46.546939181680976,4.194401906204563,11.342635847481521,20.14315883748058,6.899393530624769,27.368851688660627,101.36680616752265,13.083319051541604,6.956048937711117,1.0960842091296583,2.6389268200991802,1.5631485545905364,0.26330832637671864,1.8133102613291465,5.546264712548996,13.418845330959792,1.2575034690932814,21.486181675447664,14.070913242261572,280.8157096023396,198.44153403028477,28.18220064903833,0.35696002388284137,0.6009243544169436,13.27667055499964,52.94109451966188,2.8206796658613578,1.341198454249432,7.288440594196248,123.63733463067287,7.6049214132892535,7.526799091125202,0.5986742811651731,1.820862104233123,1.8653715385083176,1.1656927406113344,1.1100269234809241,1.5932951134158544,45.97937340711952,0.6990098572005108,11.425899614668046,16.635034801501522,9.493247016026935,0.014357347014368404,7.3044730571695515,1.7554772974795863,0.06629699861236268,1.0763311090594472,3.081577594356573,4.446664418436227,2.5881149693448253,2.1994272540813675,19.359088471553434,16.163387383004483,2.020980412752995,2.672794016021406,36.87268565868545,38.840266912866326,11.047428448223437,2.7045769917571025,2.2854662958929253,1.42512563369692,16.604291171641336,1.9417689887938612,7.943820038367343,15.644886473576843,6.186363560975879,2.920003538198725,2.132958873968256,8.437824450058878,2.7718359381478637,5.038378399296783,11.883051475263015,2.6223138713975334,18.509799151937994,23.72745918632486,0.4816151877180277,0.6295505934775518,34.20527081041336,0.4995162618930469,0.1235550051690872,1.3042740334912624,3.013362228622922,1.6487453215614514,11.860617083971407,64.39771565044808,64.39771565044808,1.2230668443137276,4.173399379709536,2.35085663108197,2.991729460479979,6.470679942283133,8.468678648629224,14.35203971628069,1.9700469364174633,4.6406295782356555,6.358668310454824,0.67587888303489,0.2839128055151673,1.5515001409751055,1.4068541543428625,1.5102248414721118,0.423710354206863,1.7842196336858633,0.04381837983669001,0.42197995389284787,21.262252395194682,1.7530226721140185,33.03414914613314,30.927008065987405,1.8911948607663518,16.463028587540013,15.884881387416176,1.5329909388942022,273.15869374125816,0.254352260853701,1.2795785120768675,13.261799063483025,31.92423279136237,32.38340253091778,67.71571678930579,3.6052586478552433,5.026077630291404,7.6026602831664665,118.73207542997407,67.84264966857029,114.29168025740395,12.128646694271987,3.258968504502911,0.4458351531100214,2.7375375242560107,0.14930645776551693,27.448853678897407,1.3173708972097986,3.9243931159921055,0.7472454570081213,1.5736968095398682,1.4396985896961019,6.49030588833666,2.3593096089737564,5.144695742551815,0.429614723329445,1.1310736774600156,2.2957215437603313,26.603063858958553,6.026155028388517,2.731367790229043,2.1585665872414763,14.867068768209284,18.4697622219888,0.9972800097300465,13.934974541554485,11.850411592023573,6.07091877069708
