,time,feature_24,feature_100,feature_126,feature_133,feature_138,feature_141,feature_179,feature_351,feature_434,feature_545,feature_566,feature_567,feature_568,feature_705,feature_714,feature_727,feature_728,feature_751,feature_752,feature_753,feature_845,feature_923,feature_933,feature_965,feature_991,feature_1038,feature_1039,feature_1082,feature_1108,feature_1118,feature_1154,feature_1297,feature_1346,feature_1458,feature_1459,feature_1554,feature_1610,feature_1611,feature_1674,feature_1817,feature_1862,feature_1914,feature_1928,feature_1968,feature_1969,feature_1977,feature_2027,feature_2028,feature_2164,feature_2192,feature_2199,feature_2235,feature_2264,feature_2274,feature_2331,feature_2336,feature_2452,feature_2469,feature_2652,feature_2662,feature_2670,feature_2674,feature_2675,feature_2723,feature_2751,feature_2787,feature_2812,feature_2844,feature_2887,feature_2959,feature_2969,feature_3059,feature_3060,feature_3064,feature_3096,feature_3154,feature_3206,feature_3207,feature_3264,feature_3458,feature_3605,feature_3628,feature_3632,feature_3703,feature_3739,feature_3814,feature_3815,feature_3851,feature_3875,feature_3934,feature_3935,feature_3974,feature_3975,feature_3976,feature_3994,feature_4002,feature_4055,feature_4056,feature_4057,feature_4083,feature_4085,feature_4184,feature_4291,feature_4389,feature_4392,feature_4398,feature_4485,feature_4579,feature_4773,feature_4850
0,0.0,22.680533552623622,12.985367210458213,24.392098293647436,1.6054588770241018,3.706497684149424,2.2189113688309487,2.511403901270997,0.6511772744313166,9.126174553458055,62.885483305317386,1.6489037501058157,8.428952364828096,5.691350932991498,110.33770301483837,16.620974471224198,4.013375095234064,1.119426539768536,0.53835967638558,1.4873263112067818,0.21060937707852123,1.9847988293768366,3.2574826764702327,19.164383064662417,1.9559988390514083,8.038837358358226,331.00351912541873,211.02789904584537,36.23511627625739,0.3427216988547726,0.5089489787280357,0.7003724710065182,65.72463145928819,8.222503053536661,92.82408000870711,9.15704248346253,15.448954541606705,1.7938953453217399,3.8728217097386657,0.012982065762900436,19.99653529404651,0.39914863769938685,10.657913194906339,6.077354246532271,0.00919084301798261,1.178719570449021,14.27343967299948,3.0566083370620745,0.05203710198207786,1.150893083890629,2.5434206866527194,1.3922917850793919,20.773022457099323,37.571815554292485,3.04337231379473,67.57032204230207,54.497557170671534,17.024119916314955,3.0801114994376655,9.632777448573606,33.146297662381635,2.2522160815566385,8.133182571259267,22.40542501602351,12.28824176754423,3.4925263934406403,2.8142845049642644,9.098765282799821,23.595469881849294,18.05202500876758,11.169825011186223,27.102127196430082,0.5146811623997775,29.02224546806787,0.5087433940815809,0.16533238200045955,2.899977022892455,2.1323481394589496,6.888101486256062,88.06366472772127,2.127982489025408,13.874387781016072,4.344971036751279,1.9168531037235008,22.73517069572263,1.0557073925820222,43.9298593559154,64.44539913654448,17.632329999637204,17.224800764291157,1.938433444994014,1.7659902528691152,43.79918008005708,85.74548016108162,84.8567135480282,6.915317265482338,6.745183877326432,140.75963526865075,140.69991897546288,86.4205294409307,9.808691393259242,3.334256448706631,2.500018139821746,3.7865849971580947,1.6908853442333507,6.691284420311763,2.398326299113567,2.2572952316455237,10.90323009759224,26.107641702240873,16.816098487138866
1,0.0,24.316407124356473,13.948262079109774,11.026156748633007,3.1369807821443416,3.155181786205353,1.6579413551626003,2.409714450164679,0.4259776804272056,9.035378761231733,70.25699485178909,1.29252710005436,10.197601765100886,6.805595881431267,103.10788219870176,16.522802417420777,4.469081955680619,1.704236881655102,1.6483931826175935,2.0195504108975793,0.7274901672369136,2.198631407284239,3.9341796437821763,22.186333258721582,2.2316950724266937,9.988111150193458,297.57927925047164,250.44133917436767,36.248917596648866,0.3655613468487193,1.194058772743261,1.5083490550954497,58.13162792184952,7.700393310523455,93.368375275797,9.47417900425287,17.215329517475137,1.8558756755028298,4.72656284974259,0.009343523166949126,20.14849230966009,0.4038563617177757,11.291158507338599,5.9850797812809775,0.17081188245451348,1.0118376874620278,16.311898442746138,3.306794998880824,0.0989799507562434,1.1929779682153934,2.9077351069612765,2.9640584529786076,21.35314168771784,38.99112972851981,3.183161193361686,69.00528251207112,58.30770952578902,16.178690883509738,3.9789402999392447,9.606408083650432,22.185764077638858,2.632916573401976,6.423125379720526,25.30662232596809,13.674735394749465,3.7237169443289737,2.9814984171649668,11.079487097496242,26.77416301602021,19.58225945703962,12.133597672113325,27.019128321555336,0.5053304767690979,31.433319476865027,0.7945384197230838,0.11272343555143415,6.604029034630512,2.738560419531225,7.81389057653567,62.73071979023439,2.1875675502829917,14.797301186326864,4.352144021999808,2.1277012119080356,23.216314392607043,1.2880887666677325,33.117730950020785,40.06977264733156,18.697816007418538,17.70632814248713,3.771182809452243,3.8793783775141497,48.40254532663959,39.731896524158216,30.98933265116874,15.06138841812426,6.575077542928405,87.85295302657244,73.6639273494708,84.56399450004797,11.506424071883094,2.4739167972372336,6.591602980206568,4.514987369296198,1.6705592683784733,6.327323889617242,6.347641735682537,1.7848367601445336,10.756358520129185,17.276922584977456,16.72002686023087
2,0.5,21.00617110624411,31.6782663496877,23.0344246644578,5.8657394407941945,2.1571416983333647,3.4201843220206785,2.640802930183511,0.6964676812489471,8.517468161709191,59.90410762309454,2.4854333189819235,6.171280956927051,5.7795311456792895,206.09682833841873,27.783892726331093,3.1296868272776623,1.0712828288500778,1.6645389141598497,1.991170763058223,0.22528593624230173,1.9683208226477726,3.515421525866856,7.85763401408934,2.929197631393397,12.235169689822355,137.16414893019598,242.881862937796,30.354791810960734,2.7176890486263203,0.9003887360151751,1.1014769472679284,59.75597611426218,0.9191578842278005,84.28765217174269,8.653257458053325,23.570181514136138,1.6288850202479674,1.9178412983658113,0.00990871255373979,15.452425076280864,0.34508900993991126,10.008897874119416,6.718206947330326,0.02469066471986672,1.5743434229984463,7.525829417894336,2.0132719342580634,0.08268907982503759,0.9734436519970299,2.5028921210759814,2.4744451308162208,15.172241877414,20.25086888427148,2.1219245864610046,51.40208282635418,49.63552410724871,9.742030287714568,2.5872721713683133,9.863461934445256,39.93042686084748,1.8589194012342212,5.998795729519602,24.319649576009436,6.440382371476885,3.66507553209412,5.952721464093396,8.155319693254214,67.38815571903683,20.901555568035043,4.8592625871224175,16.721726162620193,0.19753155750235551,27.77105133436913,0.7254575291863998,0.09695937303058098,4.212712853247474,2.3734673630220327,5.3929104035242075,128.6004005915277,2.02901480691114,13.841834983745468,4.236592351322513,2.96068337669955,10.289754965275828,0.6789152830035629,46.807684867998226,65.92229647516893,18.726830272739186,18.106138035603976,2.4440201418917655,3.9433680887041924,65.33051920905012,95.00411199091494,57.46873576558532,3.242364113987633,6.034118917030132,72.45616892233392,49.66103217835683,59.17802611956596,9.376942900107947,2.9026724821075356,4.110025395755726,3.5274392716971477,1.6358111354461105,5.6509612324741205,3.181695088697953,1.2715910721751122,9.237378558993655,21.905954587147377,21.731460162358125
3,0.5,23.040061931488292,33.07892394039094,26.839139410360623,1.5361718598800078,1.47304044900329,4.821159925166119,2.8864847429198117,1.1488162054061029,9.747874330688342,60.03964260370299,2.303535255789949,7.024985484807432,7.766053802980453,224.24031997935617,30.56563447519515,4.106793110121927,1.312702406296368,1.5784530030320625,1.675698342042449,0.4055544803561061,2.159789690987678,3.290897361460551,20.083349461325074,3.2616927940132894,15.571124443584285,229.59287787884654,337.2570543835882,35.247119540674795,2.833572027611122,1.0825172569511645,0.8462937874975808,122.80514805496419,1.803038513644281,145.3653570737372,9.608367202115993,23.160892845622865,1.5780014192632734,1.9163344300367717,0.011766982775304819,16.0169150377395,0.36687955615766726,11.765705438358816,7.036778272369524,0.10886394426166054,1.5742984323592026,8.103786852461132,2.297380814141023,0.07254370685762208,1.0318237533062382,2.974143603638475,2.7241274756467324,16.165260305786724,20.886175085478357,2.4372492097284044,52.806967292432745,55.53096574414554,12.379633572027611,2.7712534675182248,10.285497709825172,28.89254886781498,1.9075479001354751,14.73689439391007,24.37175666086059,6.493806851170892,4.598309786465389,5.7632991419908395,9.36117669827753,70.43145603509451,41.814592606928585,5.818824591961809,19.14188762015354,0.12946906651183795,29.631933423650086,0.7791497322753371,0.11430230307722082,2.6754919037481453,2.3443906844719695,7.435984775175795,142.2421779240049,1.9978194955164184,13.984446164763563,4.570608347848526,3.116940842526289,9.990123217856912,0.8751693439132959,49.44451325720921,23.385091284433262,19.426836978259466,18.981143152054706,2.2489258757499515,11.236700858009161,69.2421908263983,88.7908005935101,63.41383136571834,1.7241855364170053,5.920024514547449,101.71337333075286,74.8338429778724,43.07843364944197,9.07398232372105,2.8727049867750467,3.2839623250112897,3.489355525449971,1.561873427520805,6.1224566157022124,3.0077091800529,3.8595638991032835,10.670208373653313,24.837855622217923,25.086813753951358
4,1.0,21.337416554408023,53.98992366412214,12.97599760514893,1.83458763658135,5.268145487202514,7.28469390809759,1.8578835503667115,1.0614159556952552,8.637132165843436,44.63591677892531,2.61323155216285,9.741709324951355,9.183008531656938,96.54850471486304,11.501697350696004,2.2222601406975,1.2304864541236342,1.3133243526418201,1.5234186499027091,0.42612183804819637,1.9749438706780422,3.0379464152073044,23.529675198323606,5.393150725939231,4.379368358030235,295.3398353539889,183.06182906750487,28.460733423140248,27.907474928902857,0.8792156862745099,0.4293728483759916,52.92910642119443,1.0250681035773088,120.26963628199371,9.173225565035175,30.064193982936686,1.4231761712318516,1.2207573716509506,0.011950306840293369,14.21245921269271,0.2345936237090256,8.716030534351145,3.2838078132016166,0.0833767400089807,2.594922915731178,123.23586289477623,2.4204220925011226,0.07456967519832361,0.8411974255350996,2.5538691812602905,2.023930549318964,19.851207903008532,15.553120790300854,1.988438856458614,37.58867235443796,51.15738961233348,10.731189941625505,3.102583445591977,7.849064511300703,46.226349348899866,1.4545786558898368,3.49966771441401,21.122041610537345,99.29137554258345,3.4471785660829215,6.709001646460111,6.9046549917677,25.88777727885047,18.715868881903905,5.718688819039066,19.792785511151024,0.1615865888340069,24.92841790151175,0.5888220326298458,1.4640562790001497,2.9139170782816946,2.4174524771740757,3.794204460410118,65.43343212093998,2.206711570124233,14.206549917676995,4.174530758868433,4.012453225565035,26.48360425086065,0.7467444993264482,23.43191737763808,59.35411465349499,18.971387516838796,17.777973357281844,1.9086663673102828,8.343732974105674,30.275102529561444,59.22069750037419,38.395174375093546,2.477916479568927,5.765496183206107,76.83054632540039,35.73027391109115,95.73301601556653,9.098362520580752,3.8190749887741355,2.4766831312677744,3.6738811555156414,1.3256578356533453,4.392522077533304,2.321987726388265,1.571441400987876,9.843616225116001,13.128807064810657,18.577308786109864
5,1.0,22.463764708793725,53.41339907694973,23.287061210853885,2.675905418280355,2.6249273066976824,5.484638513220901,1.6014117967309667,1.139923780299187,8.982368007522984,45.33140721859959,1.8460819856716861,7.447351489130031,10.51851668543288,96.69408802385577,13.342895853697769,2.5544612034298866,1.1617812643066605,1.0430529949640555,1.5560944827330208,0.5215667107982034,2.037163290810329,4.221222732278301,18.527802868137442,5.751939519172472,4.8072977888862765,286.95692844504384,169.38031898439723,28.771551244138134,25.647725163637265,0.9171358220220492,0.8980870834828444,53.3389425753845,1.6895717591160495,73.8899268736312,9.118746829334686,30.891232259740903,1.5712518095992278,1.3890421806753361,0.06044989420804514,15.396596097452331,0.5100966356921021,10.209301030698226,3.3581459805243816,0.0873866293817048,2.4370383201969834,112.6486469765773,2.518473378784692,0.032578972766304955,0.8145485591259481,2.790507182716935,2.090591321347703,21.01427882057437,17.204828072606688,2.2155990546777367,39.0600044543981,53.34492507949863,9.976837129882824,3.4707370791521797,8.664175503285119,46.51798463232656,1.5982627847412119,10.672533686385627,21.693679704029993,91.77186676400352,3.806765735779953,6.716366201017087,8.479596382038878,27.71924918645368,17.29816008611836,6.171420086860763,19.6777923508086,0.16188643759511995,24.697651542335343,0.6722800331605192,1.9439488239151685,3.133297863126245,2.5669891980846087,4.233701233620807,56.25556490429231,2.2456909885051783,13.866176270431458,4.383659782971826,3.837024709536124,28.249285440304877,0.20607777874014774,28.642967619000483,41.42451032554226,19.220950519061113,17.995879681758,2.1239436271173857,3.6302169044407875,35.87141637486235,65.58290129796211,77.34868038456304,2.390131033544092,5.098992811096401,73.96704364072805,48.190023385590024,64.63269775671563,8.762215568121357,2.8851878889865006,2.6291404249000854,3.395668097848278,1.4975005877330825,4.25017631992477,2.315062052240191,2.0494066989198085,11.695628503198506,14.975346143852311,13.79556787389104
6,1.5,22.68789016837864,40.901198796229515,11.49576566269555,3.6480152709727163,2.189948267714577,4.434296266819211,2.622348098589798,1.9952495834058745,8.513318576367299,53.85715173974681,3.1612405799985077,8.000292237670058,14.990897107468848,96.82688337851617,13.11951898923073,3.4605603501877784,1.4983522769666973,2.5638694754644713,1.8028888004576318,0.28958887755863405,2.21708284627055,2.4067450941378365,21.41377123386475,8.73756435446564,11.144527072400328,273.1369910712065,224.34916805531375,32.554269157111946,43.54999129504812,1.1397890914517372,0.8859340413360858,51.64282338896212,1.6964956350884175,83.75504265426419,9.435446564031139,33.01846693361853,1.5104956848309996,1.3907466361578829,0.06254507921506205,12.22936304623573,0.4691098564926505,9.913155669410799,6.248781306737633,0.01759022060835178,1.974730768274181,18.457706369537643,2.1762317506901785,0.0271781033153431,1.11623597880966,2.7958564429079513,1.4629169050165394,18.79861715621658,18.161445768149825,2.1237160195985774,50.13788643768498,54.24975128708931,9.201302012087448,3.6562787574302984,8.076491655681846,58.365141642002634,1.6407404183351157,7.1234859601561915,22.735699007635485,16.144265923844106,3.9247146019349866,8.727336036013629,6.357829482428433,22.80275822617952,11.251305742781108,4.377222871639267,15.25326435695277,0.2620128335861915,19.23337975974333,0.7110329047180839,0.32268634814833236,5.052204839953242,2.8769741587285798,5.667955828587062,62.72823762031487,1.9459484666849056,14.032780361628571,4.734511403486955,1.6816599099659264,4.972256074812844,0.5586278508717387,29.734275126221803,22.788730818016763,19.82412888303032,18.935458999676673,2.846320292486383,9.828655458004825,35.488372671425374,106.10458377894396,39.03018131171189,2.0564018703210882,5.207041062501554,40.52156340935658,32.0286268560201,85.54271644241052,5.731035640560101,2.821044842937797,5.022116795582859,2.238391324893675,1.336987340512846,5.642475190887159,4.315343099460293,1.9749794811848682,7.946738130176337,19.581969557539733,10.98074962071281
7,1.5,22.897971651209794,41.834859523360784,25.59419376222631,3.083662076181687,3.9979073107643517,4.914271230722238,2.887027276449447,2.248510096250707,9.44272075596774,57.84770811534487,4.636697450428612,12.067518473506684,8.782503298260208,115.3540479238833,12.253410368560269,3.8713191091122967,1.0261391183409263,2.706464590008384,1.8785135407392002,0.26076077702461187,2.101690398975752,4.199721841306566,19.25485965334148,8.930752783211693,11.574150738615316,327.99789431269454,212.51352774113045,35.66566364894813,44.75225029083181,0.3697365941157738,1.342180686168104,67.1831428032937,1.302900519272888,70.4319713522542,10.159869759340738,35.98211465597359,1.6686792011386309,1.4014388863253806,0.08034756838609466,13.707913874789593,0.14221838057048528,11.160376684062417,6.908688559748877,0.02642507587623238,2.074290467865522,17.406404148983874,2.179347366916013,0.05613866340848384,0.8162397883914239,2.7452053370074543,1.675256224450669,23.153188751470406,18.788586394920355,2.3886617837251167,54.78196387836406,53.634234316204044,10.65774782444807,3.8413455601843127,8.399385191299093,65.14793103224171,1.7532446431704891,8.869135433388141,23.036830030740436,14.558182609882433,4.122415821250544,7.257166810728607,7.339087145558884,23.70355952141107,30.243375858684985,4.982283630880814,17.68025398228363,0.24533856722276742,19.84900142328864,0.6092195308996614,0.3767360546958777,3.6974699257160313,3.097128076480643,6.428331892713932,74.73055651235792,2.1798867868121583,13.96807674060402,4.320772865229514,1.6163034789333783,4.532322950041919,0.02465733838524979,38.81241835587415,70.27557857658138,19.03306059050231,17.825292943997816,2.6618097212563936,5.126100774035056,48.14699517121707,96.12630874315164,19.317081413410108,12.184020173004308,5.370730946454452,131.51478205486487,131.41944121297988,141.44476145292424,6.37417543494791,2.8394673391001435,3.619650481903437,2.3696001143830143,1.4634916714867843,6.712716661575756,3.070111588429118,1.5999779032813628,10.049425160363686,13.03605664558813,24.813224236200924
8,2.0,25.618994181213633,44.19418121363258,26.688972014408424,2.6818994181213633,2.674050983651981,7.23311859240787,1.7120185646993626,2.3495151011360487,9.477646162371848,53.377382931559985,4.883367968966473,15.17324050983652,8.24781795511222,138.25387919091162,11.023981712385702,3.355306178996952,1.568363812690496,2.088196176226101,1.5084510944860072,0.5173385979495705,2.4250415627597675,3.8747367691881407,20.54510944860072,7.304842061512884,11.868848711554447,188.22071210861733,182.75586034912718,37.045975339429205,57.0763923524522,1.0950332502078137,1.277985591576614,77.2464463840399,1.5246744250484898,81.28881269049599,10.274736769188141,44.28435162094763,1.8320448877805486,1.4306456082017178,0.07506927126627874,11.37858132446661,0.40148933222499306,11.280763369354391,3.826288445552785,0.02599057910778609,2.3049321141590466,17.336561374341922,1.8741202549182598,0.041535051260737046,0.7636880022166805,1.1265239678581325,1.3413688002216682,21.061457467442505,16.94321834303131,2.3958922139096703,54.72170961485176,61.58092962039346,13.99650872817955,3.828387364921031,7.164041285674702,77.35412856747021,1.6283042394014962,14.36922970351898,23.692941257966197,14.309621778886118,4.169243557772236,10.938113050706567,5.906082017179274,17.36444305901912,36.46483097811028,5.431677750069271,22.935342200055416,0.18794679966749792,20.641479634247712,0.7283596564145193,2.9122055971183154,3.089706289830978,2.9072734829592686,5.901371571072319,84.51868938764201,1.8568509282349681,14.311311997783319,4.4086727625380995,1.7059573288999723,5.022596287060128,0.5444582986977002,45.978692158492656,36.680659462454976,19.729190911609866,19.89107093377667,2.162330285397617,6.8590883901357715,47.60911609864228,61.868079800498755,51.705417013022995,8.266154059296204,4.463237738985868,43.993917982820726,49.34030202272098,104.7984344693821,7.157197284566362,3.2271889720144085,3.9848711554447216,2.9320518149071764,1.491985314491549,6.524258797450817,2.5657938487115546,2.437932945414242,9.021737323358272,14.284005264616237,11.24217927403713
9,2.0,20.992430936154175,34.911902275662214,10.087696100541883,3.3314075987222185,2.1949234752198117,5.664329010213602,1.4901725746556849,1.6861773447106145,8.495727340694376,48.26091953312778,4.473545349505385,6.806201071408711,8.340465760026692,83.16259584906359,15.63149472019179,3.2859808579920045,1.6541710175911222,2.075746247906922,1.6018795993648165,0.3481954733908788,1.897493249630815,2.6640324264873985,8.167952892618155,6.395018629165302,11.568662222029992,125.3103192600236,125.3103192600236,31.577967536439637,51.67562390711986,0.23176164554537423,0.9588490079892241,61.57490283793553,1.6624259313037943,128.48565585165872,9.215134420395074,37.55501319179699,1.5134111453692776,1.3632718128062382,0.013018789814820537,10.966146203419363,0.3651625340607873,10.747693752587384,3.4360522234511226,0.021421995390594587,1.878351241635412,16.92579845900039,1.8348522951255228,0.049053712548581034,0.8123675413826981,2.6531144380665213,1.2154927923975705,20.159833913113324,16.034613792379034,2.2535296552832067,50.81556817409465,51.63432462324599,12.424924154890851,2.968197574192273,5.992010775875386,72.52596034428427,1.6298449732147822,11.900137787856131,19.756220534715744,13.98575162348696,3.5316510445308107,10.025654492316628,5.559542272449225,14.809809506744191,33.47002959658435,5.001458203320502,19.287680035590046,0.13896183338173415,17.695760706363576,0.6202986845275977,3.4754978590362264,2.9207009262062615,2.4531552183288743,5.6535840289663435,74.63407747014081,2.0128457826412016,11.406245558967642,3.595836705943414,1.3180736886983064,4.538725802166297,0.06043511304165148,43.898308854877875,94.86265701945713,15.901070790828149,16.647837719271145,2.029102278133747,3.969661956340404,31.066070203839523,52.205625204673666,44.39666837614231,5.344716793435613,3.6675111064426638,66.52327873309318,22.88666176479675,85.67774324499669,6.34244916369568,2.80718968382939,2.6028373176473494,2.5405176621787784,1.310968036924674,5.714686455391954,2.2525039698967517,1.9029615120826975,7.355869577306402,19.378311079255823,10.15578678101617
10,3.0,24.40159064775776,148.64214110917828,27.533095497832946,4.572603709054457,2.0483680750066338,5.816493203997995,2.896047704690863,3.0546186278267538,10.176165344812336,85.44272783559867,4.86040186337235,13.58146357283958,21.86090308694755,136.01465341863963,11.888197658991066,3.0440708199428017,1.1420895126337824,2.034333814901082,1.7692381401656987,0.4069124627767786,2.382566264705015,5.04229442462482,22.02930683727924,12.381025739304773,5.337382433587877,376.2126072471032,217.41337677270985,36.21287260076068,67.98945956305097,1.0883038004540495,1.0663605271692662,76.4317746262936,2.1850620632721056,87.22710587610932,11.252587198160215,21.96132470442551,1.8644116519739364,1.9602927735353952,0.22844738626647404,14.620219948698294,0.34675826281805583,12.051758705074151,7.7920806675118675,0.12272606657428428,8.582701889907716,21.10226435121031,1.997309608750774,0.07597222631718607,0.7951322345726332,3.0206533596721408,1.5372600760680484,23.314112392015804,20.089645310611196,2.4592092461007753,80.27195064421971,58.20579650322847,12.986835510216116,3.373728513724681,11.338731314679954,88.95400536604063,1.957484447327299,6.234801132175605,28.01320871539346,16.999719904472684,4.257252999970516,196.64343839372586,7.334411946811334,23.160332576584015,44.82050299259958,6.822913288321491,20.290709673615,0.23057021552613732,32.317613586107264,0.6210454934103842,0.9294306689860542,3.7033935784414895,3.791387799628505,5.526100480584957,74.21175221865141,2.489474304920836,14.937914615089777,4.696111094731256,3.8817702037326414,3.227091134239467,0.7185703334610962,44.37336733791314,43.14601822095115,20.758587139192734,19.186860571394877,3.318932983459622,9.241442344546982,51.50381814429342,61.89213373824336,110.74352094819707,8.813596426570745,6.680057198455052,94.54488162278503,86.67850193118495,54.9727865082407,9.996344016275025,4.749675678863107,4.814539906241707,3.8439057110003834,1.9790960285402601,5.501717427838547,4.4566662735501374,2.942875254297255,12.875468054368016,14.01598755786184,23.53241737181944
11,3.0,25.077784303096013,154.42526502830984,28.9804165160824,2.275855318636309,4.1652888206240215,6.779356402843031,3.021879893988676,2.4307312372003373,10.3516669678352,92.47930219250692,5.188207746054692,21.323206541380557,11.642181664859656,85.05950337308758,13.493675460787857,4.155342729791592,1.9841133598361642,2.068259848211059,1.6615618600168653,0.5729656065534273,2.2741461872063606,3.89509547042525,25.417660522828577,13.228827852066017,5.900245452355138,237.70390615588482,189.02326526924466,41.09414528370076,69.22943771834719,1.1842172629803638,1.1448168895313817,49.17951150463799,1.1521503433321287,74.53490543308035,12.188448680881821,22.220395133116494,1.746709733767016,1.9528897120828816,0.18851644380195157,12.933562221419105,0.2923819419347067,13.09403987471389,7.707602999638598,0.09896398024334417,16.983631490181907,20.782684315142752,2.015924286230575,0.05543006866642573,0.9282315383688712,3.6597699072400918,2.1640992049150705,24.273890193952536,21.54046199253102,3.0636745572822552,90.81341856402842,63.70193350198771,13.972345199373569,3.9747771352849055,13.170830321647994,92.97888055655945,2.129103421274545,14.29516775087339,23.0965621611854,17.20173774244067,4.1624578364052525,204.0251927478617,7.685941452837008,24.739014877725577,43.72301529936152,8.208258041199855,21.40118660402361,0.19471298638718226,28.21368660402361,0.5793202626189615,1.3794121190218045,3.2634095289724128,4.649108541139622,7.351546500421636,87.30544512709312,2.5071527526804,18.277662329839778,5.897233767016022,4.011534754848814,3.307703891097458,0.7411757619563908,46.58500481869654,83.42229098903746,26.001656426936513,23.07064660884231,2.8470967353330923,10.999879532586435,59.72510842067221,37.473173412841824,49.23119955427057,8.936227562944223,6.632243103240573,136.65121672087702,51.43991687748464,82.49494789784363,9.719559390434886,5.188636911215516,5.0945518612215395,3.726892844235634,2.0380149981929887,7.035628237561739,3.4817943621250453,2.0479610890254185,13.774853933261053,13.983111974460908,25.13831164919889
12,4.0,24.230284353550918,129.39378064154644,13.211206051267684,1.8300252136153523,3.770240930102255,1.414105617033198,2.788548816360835,2.841553438856983,9.762732875752906,85.8161927440818,28.32709763272167,24.658901806975766,28.279506933744223,114.06259280011206,15.168209833309987,2.544333940327777,1.3485572208992855,3.2889340243731615,2.0898094971284493,2.400602325255638,2.1967082224401175,5.966220759209973,21.870661157024795,20.339424289116124,1.094453004622496,379.1129009665219,235.10805434934863,39.8372180977728,57.75572208992856,1.0448101975066535,0.7321893822664238,66.7109118924219,1.8671032357473036,81.3041882616613,10.804664518840173,26.19516739039081,1.9167320352990616,3.7235607227903067,0.5975416725031517,11.748788345706682,0.6624036979969183,11.35617033197927,7.6248073959938365,0.16832889760470654,3.623098473175515,16.774814399775877,0.8347667740579913,0.04044684129429892,0.8007984311528226,2.8375542793108277,1.503768034738759,18.78956436475697,22.93880095251436,3.2152682448522203,96.17531867208292,62.097149460708785,16.775409721249474,3.135060932903768,10.395979829107718,65.647184479619,1.9868188821963861,11.202255217817621,21.661514217677546,14.332532567586497,4.411696316010646,94.47441518419947,5.245608628659476,13.461507213895503,28.48443059251996,13.479633001820984,24.487484241490407,0.4753046645188402,33.97753186720829,1.35568707101835,0.16435775318672083,3.4027104636503713,1.3397044403978149,3.88454965681468,67.81518419946771,2.1150371200448244,16.24160946911332,4.935607227903068,5.1273917915674465,6.50647849838913,0.7743451463790447,40.09991595461549,77.38162907970305,22.686503712004484,21.244207872251014,2.1633772237007984,6.308740719988794,53.967040201708926,80.86150721389551,42.239151141616475,7.1988093570528084,5.515898585236028,141.83232945790726,82.81888219638604,53.995804734556664,9.54911752346267,4.551393752626418,3.1929611990474855,3.9538520801232666,1.4166760050427232,8.00285754307326,2.6354461409160947,1.7289746463090068,9.304342344866228,15.928421347527665,24.962578792547976
13,4.0,20.56983869405154,111.27468029451657,24.79334794613447,2.750847703933346,3.3729715655880645,3.6646846541367952,2.7429761674094166,1.987296551055997,7.966443034295679,78.87981980236388,7.586429471032746,16.079054446812634,19.940466963766713,202.01059629916682,27.02583074985468,2.118726990893238,1.258083462507266,2.867376719627979,1.647966721565588,0.3204744720015501,1.9222231641154814,4.217787250532843,24.199307304785894,17.709043789963186,1.0454793160240263,255.36652296066654,255.36652296066654,31.321207130401085,46.88204805270296,0.8086732222437513,1.0363907188529355,28.725834382871536,1.8887691338887813,137.66475731447395,9.432758913001356,20.378844942840534,1.6087361945359426,2.8389786378608797,0.5281558806432862,10.391003439255957,0.9285325033908157,10.074894642511142,6.689068252276691,0.16379456500678163,2.9492225343925598,16.288522088742493,0.7648893140864174,0.054428647548924625,0.7372783859717109,2.858481883355939,1.3707614803332688,16.325657576051153,20.91994041852354,2.5166452722340633,88.5801322418136,51.48736315636504,13.840565055221857,2.688305318736679,8.791640428211586,85.3210618097268,1.8910337143964349,13.945789333462507,18.046829587289285,12.96514725828328,3.697805657818252,83.75861630497965,5.121809000193761,12.760874830459214,20.812415229606664,11.974786863011044,19.993987357101336,0.39252325130788607,28.1270708196086,1.366553235807014,0.14317113931408643,2.7737659852741716,1.1212156074404185,3.6191629529161014,126.20128124394498,1.679053235807014,15.200463815152101,4.691974665762449,4.308588451850417,5.41384906025964,0.7401000290641349,51.574101433830656,42.128663291997675,20.869060017438482,19.861012885099786,2.049360589033133,4.011516663437319,67.18465413679519,35.87462458825809,58.70169904088355,12.307958728928503,4.924421139314086,92.96211974423561,58.32852765936834,47.74120809920558,8.650358457663243,3.731035652005425,2.496899825615191,3.5156280275140475,1.3076923076923077,5.744284053478008,2.1567949525285797,1.2367576535555125,7.82953884906026,22.425644254989344,12.910718610734353
14,5.0,21.811495230572937,191.53379913725013,14.772477064220183,3.539182210340847,1.8350325050124552,3.8375235433501427,1.942135002126496,2.53811288656662,8.552099155477247,59.05843003827693,5.41532292362841,11.852718877210037,21.63240780120299,188.39391214533083,14.833525730603318,2.350027340664682,1.5042772950969074,1.9062762014703203,1.444881220001215,0.43584664924965066,2.1997508961662313,4.609028495048302,20.179968406343033,15.98678534540373,8.437687587338234,229.28770885229966,300.61726714867245,32.21069323774227,72.34973570690808,1.013974117504101,1.156376450574154,105.42923628409989,1.1468375964517894,131.25797436053224,10.288085545901938,33.62421167750167,1.4144601737651132,1.286706361261316,0.09548575247584908,21.229054013002006,0.6919679202867732,9.382550580229662,4.7047390485448695,0.08657269578953763,1.111458776353363,12.302047511999515,1.8968588614132085,0.08296372805152197,1.5588857160216294,2.363320979403366,1.559839601433866,27.571614314356886,17.041399842031716,2.544619964760921,58.152797861352454,55.23760860319582,11.875508840148248,2.8991494015432284,8.403864147275048,85.3603074305851,1.9893067622577314,6.255033720153108,20.50817182088827,9.837711890151285,3.8734613281487333,73.48326751321466,7.3076736132207305,16.96157117686372,18.245889786742815,5.403675800473905,17.936423841059604,0.20953885412236467,26.668242299046113,0.4676711829394252,0.9477854061607631,3.031083297891731,2.6173947384409746,3.7203839844461997,112.90133057901453,1.7548089191323897,13.101883468011422,3.978674281548089,4.001470320189562,6.339309800109363,0.6231119752111307,43.00501245519169,30.695297405674708,18.28975636429917,17.17225833890273,2.1351114891548697,6.175113919436175,58.29119023026915,52.70532231605809,42.50859104441339,5.236539279421593,4.542779026672338,73.29077100674404,43.503997812746825,75.33607752597364,8.249468375964518,3.3711282580958746,2.6137979221094843,3.322425420742451,1.4232091864633332,5.825578710735767,1.9622091257063006,3.254906130384592,9.08144480223586,19.25751260708427,12.180168904550701
15,5.0,24.458779826645696,200.9093939292527,25.524915498142633,2.7925973026337805,3.0192095311401896,2.0308289548542553,1.923971754626686,2.673745858572337,9.49815601887487,64.32043773635421,9.481108396640005,25.13694990127506,15.705498477293263,207.20978548241357,26.976486730698436,2.852120076302667,1.6154546367256786,2.132104012583247,1.716187543924233,0.3866537264482447,2.3426257488035875,3.5631538435795322,20.020494628693818,15.481483216759814,9.505518556942539,538.9129413339581,538.9129413339581,33.14982764967705,82.62256283256919,1.0625079481945048,0.8512834242495231,111.64762223486497,1.213419898932432,141.29777450553863,9.873337572370403,37.71636826076771,1.7786218667380609,1.3783809109467555,0.1683009270104749,26.92763963722767,0.4515243800408286,11.81943040728222,5.226712626752786,0.012944680566246109,1.1648405341186707,12.928282186004484,2.506355208995683,0.07502426290954119,0.9009069308256082,3.125598206217998,1.7563334560423012,33.8295371640842,20.163133763930258,2.7263143803754892,66.20757672099327,59.80952444697299,14.245359927713263,3.7277601151233224,8.731709112814164,94.91118101803822,2.225922827214618,9.088417388976273,21.884367993039056,11.09681737558984,4.4696629965529935,82.30360429704494,9.918061644523275,16.150142230849035,70.26865232087279,5.679174057093136,21.898905659114487,0.24175897727653023,30.005287640975872,0.5861249623506576,1.313610655600549,3.4767042602322547,2.7587162410896555,4.994109969545865,122.1591245272916,1.7509387236036278,12.997449884542016,3.9189719219570964,4.52112044442957,8.161949064623004,0.6839931729192463,47.59080352063184,102.60885512533048,18.433907834409826,17.120022756935846,2.348549245339848,6.4819852079917,60.41686021217496,50.919045547337774,119.02811820220207,51.6336334125364,5.379558917037582,88.13656838793882,23.882681302499915,67.98151333623373,8.405374652789398,4.471804825809042,3.051745256182859,3.4304474415180213,1.6650379840032128,6.326126970315586,2.2533248552591947,2.831478196847495,10.901482547438171,20.198882232857,24.912298785181218
16,6.0,25.45147059866522,19.3041412228629,9.792577147031498,2.081888267126251,4.819755030248871,4.162521188394079,2.1231444640666113,3.894097037525621,9.88945154861451,80.41157613282552,13.101271658262233,30.545678276842768,5.660659446654893,102.63666602835521,7.211004489457222,7.865082235792251,2.108803733412768,4.92099122676369,1.4616906742696654,0.29855245147059867,2.390277807329234,4.470215678347766,14.831273005808635,15.914381157045895,33.54117463492131,574.7919742973255,579.300041844862,37.6563331134705,51.84728753094038,1.0089221756491273,0.9363390710440648,27.78815861330383,0.973914338602949,152.5482669844039,11.397164478676851,0.33914196755959347,2.153599012744952,1.4612367639027781,2.9793896324035263,33.536146159138134,0.5658276417228736,12.613544969041895,4.719625240253339,0.08015773385249332,7.850628027546685,7.472088058611176,2.7465336141903727,0.07729242466151762,1.0224047320155747,3.1125768633375177,3.6078781818052867,22.269580203834124,27.66721277757683,3.0182486152187633,88.38990900515614,60.87292637432002,17.206124953013184,2.3283615963460216,6.370710015106704,96.8298190741647,2.278154854358603,13.635339759001965,25.330269438356844,6.733739015723739,4.21322439484528,19.289559352326645,13.830521216763477,86.52187635197912,47.7189089129556,9.439271757555126,26.577636403611425,0.558742384589743,25.835173798024073,0.6265948920899026,0.22833819159272892,3.5300963850294687,3.6127080718029463,15.207082420193338,146.53039426370773,2.8735646857734563,19.67051072008624,6.324304772441967,3.580941438470322,4.531294992092031,1.6408646992489202,58.14108101590814,46.04229167996482,26.691993446669077,26.494556621772094,2.6625105498698556,0.9034802158911183,50.83903203614261,43.766080129364454,61.24537401504997,16.621204706483116,5.66607800165961,104.05568912813747,61.4915352808925,146.65344652723107,18.826287084122356,5.557770732710625,3.467598601388682,7.7017170578097405,1.665964524067888,6.549167712788216,2.650325893458726,3.422774952658567,14.68350390433839,25.061185698986503,24.886962133946113
17,6.0,236.26732112516518,43.73280473223837,135.91655654143855,12.977660310867787,26.154427034170286,27.844188534390536,3.780441759486502,21.592536655968786,81.02057768548235,216.5016676105972,204.0239758353785,186.1464980177459,204.0239758353785,1242.3255931030144,164.02284311874647,20.929142281794725,8.380970360581461,9.02781448618715,13.145805802026304,1.7282738657101504,21.505380404002267,16.86671700962809,173.80051601535462,25.404316908942167,43.187779246114154,3054.2651815493045,2549.002580076773,340.0908690453716,69.053992826128,5.936567868604871,4.230130262412686,532.2656220502171,18.69127178906299,1507.5855515700712,106.2498269460701,3.5931030142848153,16.49952803473664,2.739538103328928,4.695173368573406,49.66811402680763,3.496947957963627,102.25599395884463,5.770310238499779,0.08954754263419545,7.314328865395507,39.63973318230445,3.097413630356806,0.9010760808004531,6.346988861619785,26.96073249008873,12.195204832924297,59.355421307658425,39.565791957711916,24.326537033540998,209.80718645774337,602.9701717953559,162.6919010760808,23.618022780190046,12.379585929142282,1000.215090302687,5.559750802340948,65.2142722295639,37.618526209804294,33.692341576993265,42.71071675791328,14.622050217104022,22.18752753130703,182.25995846705683,355.3844314391794,15.316468441256056,198.8719400918759,0.9284500660751369,32.58674721540495,5.156944182241521,0.9536844754892707,32.43955698193946,5.830595934805865,33.58574035617645,1293.69152350387,3.557485369076836,147.9331697187087,47.63784532125102,8.500912466175823,7.8190799823799635,3.1917437543263483,704.6072619721855,519.5447737713171,222.6942294380467,202.6185262098043,20.142281794726575,28.57497954817192,915.9032785853627,898.5640928827638,647.2188660247939,71.92775785035555,5.727392863885218,1537.4683783273551,733.5455289157385,491.9233528412309,25.847775470392047,2.85948020892329,29.44641621043358,10.414133786419987,1.8378327355106665,9.403247121011894,22.325593103014285,17.58838336165125,9.981687747781763,219.7877414888931,244.82184884525833
18,7.0,26.749815958774764,127.47463431808725,28.850414492846397,2.0104823480459624,2.5252856639887336,3.433905194763627,2.220449380661268,4.30176359504529,10.988701469129085,68.74106999967992,9.391591716544506,11.88750280062734,24.06063758281855,222.11397753096693,14.971513619050667,3.11532983388279,1.3126780398809332,2.873691706942355,1.5324392663956727,0.5005841308453094,2.455165957174407,4.829641839772109,27.671558429088115,548.4300483308261,5.232836155298787,372.0764651281887,372.0764651281887,39.25245655026726,157.3680504432993,0.2903770444579586,0.9646000704157731,119.78583202637391,1.976410716000384,150.81896744870852,11.838659859808597,5.126852414940947,2.0599494286720224,1.6222353807252825,0.019468360912844478,19.144024261434563,0.4896616842172647,11.241342060621578,3.978267131837532,0.22544249911980282,91.71037512402778,10.325744966872579,2.4707614505649267,0.17147040937169927,0.5924447076145056,2.8751400313670263,2.012938898313222,24.8755241174023,22.47825112825273,3.1218512946900105,73.5752888647057,65.02455750088019,16.354087315558687,3.4301843612969307,12.162164324808757,91.52895048490862,2.4665205005921327,8.243630573248408,20.154778670422175,8.74492686361745,4.4133005793297695,34.64013539032743,10.149489485644784,58.120859072432225,43.1810805620459,7.363793489741703,28.636630605255576,0.3457574496687258,36.817303075889,0.7512882885766412,0.4887734852606984,3.8179992318279297,3.931848734116442,4.7664836923470855,131.10590372243382,2.315934769388343,16.18979451397113,4.947676279486605,6.868826617162244,29.731443843420926,0.11113689466440482,64.037328361553,21.296506417437506,23.748567679160132,21.184169253912877,2.9836603399161414,6.304628236725026,82.05699676727588,71.2216496495215,122.51410716000385,10.350814582466473,13.610544762026693,102.23724514291202,86.09478123099575,114.59437313958327,13.559573344429152,6.61420958294658,3.3670502192491116,5.522837115513875,2.235940850750568,7.508713951925231,3.0264459238869508,3.5793937842076624,15.145368562558012,22.407235220689433,25.173462855679674
19,7.0,25.30997162425161,110.11504063228892,15.999628589680736,2.4442735956975827,5.246765016119208,2.940611489949637,1.5464560027335799,4.576629377070613,9.47767081160583,61.05590468125566,5.846837812541784,30.021437803627936,26.546790272020917,196.00246616451992,26.266850886185022,3.2283802053156245,1.7006507108793512,2.5336794877508875,1.5148044153258755,0.476408016520331,2.29353300352097,3.902051670603616,25.973615010919463,473.9387024409086,5.162833712171859,339.5239113963542,339.5238816835287,35.09531874433599,150.97719540639716,0.27319457443805617,0.9861092540595148,71.28335636077313,1.815728484200205,136.12360535425117,11.648549271292953,4.824746326751942,1.9082616511417154,1.5138833177341,0.030611638513764465,14.161296073450105,0.28140274249379743,10.720402311657827,3.818937469358649,0.17296578568138937,180.25618398181575,9.307104336586887,2.430969678061535,0.16865742597792338,0.8297083686173137,2.8327836460608222,3.7421595281603306,22.866128864524374,20.89355380249885,2.5575017456285005,62.31804608459242,58.50238445424968,13.513482194589294,3.790026890107115,12.167067789811473,87.59552673411478,2.0111720224034704,11.23133663145697,18.1460013965028,7.926059633640861,4.537356449911604,32.809213947200305,10.25082824501196,49.775905869768685,46.31308404272704,7.632184932626168,23.649299520137866,0.3001441072038746,34.06051016921454,0.7257580484616185,0.4034704580232057,3.451939504687198,3.39980835227526,5.428837782828958,114.23617239381379,2.318558630832999,15.607137020694983,4.984853887180401,6.42226382017798,27.403091619497555,0.670024215952816,57.05009582386237,34.06703956262721,23.67466684494362,22.361211391897314,2.77654469551782,9.468630684434936,59.25416350967895,54.26071518771077,58.81524565078516,22.686589116192003,11.11366641410765,96.64449347060659,50.35061134138551,35.0474068131509,11.736254104084027,6.283660917234925,4.389943694195599,4.6276760113502995,2.367711072484438,7.491546701133545,2.49027647784166,2.9117231953172587,13.818016371766873,20.208955445618102,25.486235533568063
20,8.0,23.076366730482874,5.09593038715167,25.49694213997022,3.414539459689428,5.685605456285897,2.461696979366092,1.665822431397575,1.5114403850244629,8.940684162944054,58.855961497553714,9.30966815571155,16.895421186981494,25.9011048181238,156.75093065305254,13.572929961710274,2.8218863007870665,1.5658237609019359,1.3242528185492448,1.9873098808764094,0.22016592214422465,2.101667198468411,3.7542610614762815,13.081066528398214,4.333665709423527,3.6813842799404384,393.00361625186133,393.00361625186133,35.145414539459686,92.60725776430547,0.6527866411401829,0.970664486279515,87.73949691554988,2.275353648159966,152.87885556264624,11.572657413316316,6.160564241650713,1.9744070410550947,1.3805240906190173,0.20062220804084238,10.639265581791108,0.3934801106147628,10.148598702403744,3.8541068389704316,0.04387364390555201,0.19738486492235693,7.317512231440119,1.72817618591789,0.05789991491172091,1.0158144543714103,2.7302302701552863,4.335340884918103,17.5341682620719,24.742089449053392,2.3870453095086153,61.665962029355455,53.92247660072325,16.837507977026164,3.5312234099127844,9.334283928951287,102.98836683684323,1.734577749415018,14.828706658157838,14.747367581365667,6.069233939587322,4.110774303339715,1.5708027547330354,5.749847106998511,25.3760303658796,79.85477823867262,5.2031017336736864,24.83073415230802,0.35442592001701767,22.782739044884067,0.5371596468836418,0.2383335992342055,3.706186183790683,2.7351760263773666,4.885549617102744,132.07345511593277,2.1659620293554562,14.275699319293768,4.30843171665603,4.579976334822378,28.39383242927037,1.0181809721335886,12.935339555413742,63.84043953414167,20.485481812380346,19.231287226122102,2.7943123803446075,6.14570703041906,52.95035630716869,88.48203174856414,40.070822697298446,12.247035205275473,9.028205435013827,148.15091203999148,38.697205381833655,115.87079876621995,10.062047968517337,3.1194958519463944,4.353003350350989,4.091509785152096,1.7164964901084876,6.5472771750691345,2.5602930227611145,2.6430812593065305,7.518240799829823,21.332548925760477,14.751083546054032
21,8.0,25.633051203133743,7.528252658086178,13.1842683268047,3.3663262451035254,4.576154168998321,2.1435156687185226,1.825482652490207,4.130679910464465,9.056918019026302,67.27138360380526,9.664899272523783,27.865423894795747,27.531015668718524,111.88877308337996,14.466032456631226,3.349377448237269,1.3282316731952994,1.6052951874650252,1.6130246222719642,2.152042529378847,2.369641857862339,4.31708869613878,17.059848908785675,4.355847789591494,4.166032456631226,354.64300503637384,240.14781757134864,39.62900111919418,90.54905567991047,0.6738458310016788,1.084058477895915,68.8813024622272,0.9983142137660884,86.74774062674874,11.55782036933408,7.035996082820369,2.0136891438164524,1.450594571908226,0.013136541689983213,11.860450475657526,1.2325685506435367,12.935128707330723,4.059876888640179,0.010527420257414662,0.2582540570789032,7.964255735870173,1.9695509233351987,0.053196698377168436,1.0199496362618914,1.3251189143816453,4.215479854504757,19.208673754896473,25.912688864017905,3.043158925573587,69.33308617795187,62.62313933967543,19.54299104644656,4.159051482932289,11.437562954672636,84.08198796866256,1.903882204812535,14.916270285394516,17.544760772243983,6.396096810296586,4.575664521544488,1.5032736429770566,6.460268606603246,26.193823447118074,39.886947397873534,6.071859261331841,27.763738108561835,0.44217963066592053,26.3907316731953,0.6361149972020146,0.3048405148293229,3.5279448796866255,2.7798265249020706,5.7308687744823725,137.2341074426413,1.9684667039731394,15.858771684387241,5.18305819809737,3.9975517627308337,27.676301063234472,1.0122062115277,40.33940962506995,57.151888640179074,23.08135142697258,24.417319529938446,2.2415011191941803,3.713780078343593,101.47255875769446,56.95387520984891,89.35448377168439,10.469194180190263,9.865640738668159,130.91720761052042,35.352965864577506,89.13477895914941,10.984918858421937,4.323251259093452,3.116529099048685,4.670089535534415,2.0170257414661443,8.093893396754337,2.756911024062675,0.9915151091214326,8.768802462227196,22.36930609960828,24.999734191382206
22,9.0,25.68479856015506,157.03081821957636,28.35748304028797,2.1130762840924824,2.2571992246988786,6.492683095666621,2.7515229129170704,4.339948774747335,9.104236466842032,64.9324380451336,11.064779177627024,38.069071023120586,20.863664682264986,140.32579260695002,19.42126540218746,5.345742766163644,1.5181572753703447,1.5546241174027413,2.2711338778900734,0.2435068531081268,2.5041603211961787,5.013830818219576,22.368669527896994,11.663913886196871,17.87487885919978,369.358770593936,369.358770593936,38.8931330472103,82.6476671743043,0.3899487747473349,1.1928838432784161,82.61524989616503,1.0802505883981726,151.74985463103974,11.274359684341686,34.94050948359408,1.6563200886058425,1.5113110895749688,1.0929184549356223,19.261290322580646,0.5866122109926624,11.371784577045549,6.760494254464904,0.02563339332687249,1.0706562370206285,54.371189256541605,1.960258895195902,0.3269209469749412,0.8730790530250588,1.3636162259448983,3.200872213761595,21.79364529973695,21.28001522912917,2.7945244358299877,60.274456596981864,61.824851169874016,12.498622456043195,3.722539111172643,11.031669666343625,112.01938252803544,2.208964419216392,7.916668974110481,26.171036965249897,43.5322026858646,4.316655129447598,10.801072961373391,8.310466565139139,26.639713415478333,56.70373113664682,5.670656237020628,20.10941437076007,0.2971272324518898,27.780714384604735,0.5550740689464212,0.5784992385435415,3.5544856707739165,2.716537449813097,10.241236328395404,134.39977848539388,1.7432645715076838,20.00049840786377,5.62820850062301,6.272366052886612,12.311027273985879,0.8527896995708154,57.49547279523743,27.654194932853386,26.05062993216115,26.562134847016477,2.415111449536204,5.437117541187872,76.70083760210439,55.541063270109376,65.08789976464072,7.444669804790253,5.334023259033643,87.39334071715354,71.30091374775024,140.75206977710093,9.34527204762564,3.0131385850754535,3.037899764640731,4.011269555586321,1.383192579260695,7.022781392773086,2.5384189394988232,1.6692094697494115,7.640848677834695,23.019188702755088,23.426277170150907
23,9.0,24.56986845006247,164.12672888954214,27.012390681266996,2.0269787609318732,2.2758212684647607,5.591144263981774,2.684287499081355,2.4554347027265377,10.027765120893658,60.64627765120893,9.84699786874403,14.758036304843095,30.089689130594547,236.37050047769532,31.54989343720144,6.172036451826266,1.5300801058278828,1.4780260160211656,1.6787462335562577,0.5100316013816418,2.2593812008525025,4.692209891967369,25.06296759021092,11.195612552362755,20.362482545748513,208.9892261336077,428.5978687440288,39.649577423385026,86.57295509664144,1.8404644668185492,0.7899904460939222,50.835364150804736,1.3587050782685381,154.3588300139634,11.76465054751231,45.00658484603513,1.8875725729403983,1.6953847284485926,0.9209304034688028,19.026449621518335,0.7336370985522158,12.441919600205777,7.065966046887631,0.2085103255677225,1.3435143676049093,49.97198500771662,2.23720144043507,0.33161607995884473,0.8952597927537297,3.120908355993239,2.210332916881017,21.42075402366429,26.58180348350114,2.8516792827221282,65.119622253252,59.841978393473944,15.306606893510693,4.350466671566106,11.883354155949144,121.83641508047329,2.0026824428602925,9.544940104358052,31.921547732784596,40.160049974277946,4.556625266406996,11.935599323877415,9.125200264569706,27.416903064599104,55.712736091717495,6.527030205041522,24.03105754391122,0.4442786800911296,33.121114132431835,0.6904019989711178,0.6857867274197105,4.851943852428897,2.921584478577203,11.73038877048578,136.93526861174396,1.8290218270008085,17.106452561181744,5.71127360917175,6.498280296906004,11.975880061732932,0.9340853972220181,49.109289336370985,34.46972881605056,26.08502241493349,23.706504005291393,3.9284265451605793,4.68845447196296,62.887837142647165,76.9568677886382,49.38486073344602,7.963423238039245,5.492312780186668,122.36415080473286,57.11016388623503,99.82956566473139,10.137752627324172,3.227787168369222,4.159704563827442,4.358117145586831,1.1354596898655105,7.219401778496362,3.2793268170794443,1.50185198794738,7.628397148526494,22.07178658043654,13.151686631880649
24,10.0,26.524301886792454,208.9332830188679,12.83537358490566,6.036649056603774,2.4496377358490564,7.700928301886792,1.0721056603773584,4.338241509433963,9.686573584905661,52.37071698113208,6.599169811320754,34.71811320754717,24.2992679245283,118.01812830188679,17.5576,3.621690566037736,1.2005584905660378,1.1890716981132075,2.027622641509434,0.3547320754716981,2.5125509433962265,6.956309433962264,22.27090566037736,11.474377358490566,11.787924528301886,533.9286339622641,533.9286943396227,36.103215094339625,129.6839396226415,3.144709433962264,0.6581056603773585,55.081471698113205,0.6836981132075471,134.8977358490566,11.359283018867924,40.73172075471698,2.0086415094339625,1.6298641509433962,0.34932075471698115,19.000528301886792,0.27923018867924526,12.063471698113208,2.4327924528301885,0.006294339622641509,1.2865283018867923,384.36830188679244,2.4843245283018867,0.06729811320754717,1.0366641509433963,2.851954716981132,4.240611320754717,20.604709433962263,23.969532075471697,2.3947169811320754,53.38523773584906,66.17203018867924,24.21115471698113,6.698920754716982,5.9411471698113205,59.36342641509434,1.5631245283018869,7.925743396226415,15.616671698113208,288.5069283018868,4.555237735849056,33.3415320754717,8.58805283018868,19.540105660377357,40.569909433962266,7.923456603773585,46.06035471698113,0.24406037735849057,15.273909433962265,0.8228679245283019,2.0149584905660376,4.06748679245283,3.728475471698113,6.078596226415095,75.73618867924529,1.628988679245283,17.47909433962264,5.511562264150943,2.736701886792453,8.093471698113207,2.9934716981132077,35.12565283018868,49.61247547169811,24.378815094339622,23.585011320754717,2.6453509433962266,4.4579018867924525,36.69065660377358,85.8960603773585,49.892890566037735,10.505781132075471,2.8773735849056603,121.85624905660377,67.89795471698113,97.78662641509435,5.105788679245283,3.8694037735849056,3.430120754716981,2.0183622641509436,1.528022641509434,6.303207547169811,3.358143396226415,4.680045283018868,10.04685283018868,21.953064150943398,21.42650566037736
25,10.0,26.44757135026768,207.27357505950548,19.517190890592502,5.057260420029884,2.4424354825388006,4.8961939015325004,1.4238066991537832,2.894572048565486,9.362394035185199,48.54390641307694,7.087632620268657,34.55522934953184,24.504831770297564,140.92354014461523,20.059205141874592,3.6404216817714237,1.362611783963178,1.154684226729038,1.637463301822332,0.8108664148789992,2.5067389492495176,4.388764163056292,27.822054196919982,10.94768022465667,11.704822760003303,550.8028322358294,550.099248391287,35.57689159865146,127.75977053783949,3.1112696255471874,0.4449883992461387,118.75497255614539,1.028757855850309,131.69896606873354,11.50290957418851,36.854881702344926,1.87814327869591,1.4636397083668091,0.3874501618098678,18.454989825876062,0.606062426322073,11.708486946336189,2.2730119161141604,0.00900278568264242,1.2307536360291633,353.6189696728512,2.1181700092355515,0.09080124041717662,0.6395732123951615,1.1319182165624226,3.8722865874261343,21.369985208100253,22.820297189539048,1.692193330880531,51.32487366816588,65.2751668781583,27.920161284267277,6.209767158979133,5.593365419992341,59.85837319137114,1.5970371149037776,5.237451288096651,14.240830148444598,259.7485527214843,4.127608292474152,32.21560883309181,8.315375316298871,18.15212380144315,44.75533296791584,8.49513819538823,53.78340003453946,0.24851142430226533,11.663683258122404,0.834525945893183,2.574654042243263,4.247760566447166,3.5670103092783507,6.738108288719863,125.16774915340777,1.3687838355320954,15.17206658607459,4.766866144570171,2.756707037790676,8.082474226804123,0.3267658299607301,61.361823383215324,50.652900939323175,20.921520336985004,19.66470442480534,2.5328312597142233,4.147032985185574,86.3575059505485,43.982459960504876,40.25850534235364,6.0146867796457455,2.8730900053310906,83.49602420765724,26.23504854296033,90.83528431232683,5.184185431855895,3.8678490175024964,3.604770950811302,2.074109670298316,1.57334754957539,6.117171368288269,3.0162785982985563,2.556971339755671,8.775921490302672,20.284094578055427,21.20709410501498
26,11.0,2691.369598765432,2821.483024691358,1451.3279320987654,484.0138888888889,738.429012345679,1141.8865740740741,250.32638888888889,335.2916666666667,1061.6180555555557,4880.257716049383,3307.3796296296296,3852.1265432098767,3307.3796296296296,12541.851851851852,649.2121913580247,288.36265432098764,155.6851851851852,230.40123456790124,171.44675925925927,63.655092592592595,244.69753086419752,492.820987654321,1160.5362654320988,419.01851851851853,245.33564814814815,27202.14197530864,33348.055555555555,3952.8078703703704,2292.454475308642,71.50231481481481,142.1118827160494,6226.390432098766,149.3858024691358,16977.753086419754,1201.596450617284,49.910493827160494,223.25077160493828,203.7523148148148,1618.6172839506173,883.8757716049382,35.08487654320987,1185.6373456790122,503.30478395061726,50.68364197530864,124.7824074074074,1647.9367283950617,208.53780864197532,54.46296296296296,1154.4976851851852,204.40432098765433,731.1543209876543,1604.0756172839506,2831.329475308642,257.86574074074076,5076.945987654321,6906.152777777777,2291.849537037037,325.53395061728395,1325.7685185185185,7513.114969135802,143.58564814814815,893.9266975308642,5851.314814814815,1340.7391975308642,527.0555555555555,627.7739197530864,452.83101851851853,2567.956790123457,4350.092592592592,927.3904320987655,3742.7361111111113,151.03858024691357,3896.401234567901,65.61805555555556,66.95987654320987,371.23148148148147,268.766975308642,488.554012345679,9587.739197530864,41.208333333333336,1511.460648148148,479.7091049382716,585.8271604938271,2550.553240740741,28.888117283950617,7380.303240740741,11625.532407407407,2242.682098765432,2107.864197530864,403.45601851851853,695.1319444444445,6699.936728395061,4411.155864197531,10352.675154320988,682.8587962962963,439.6628086419753,10020.75462962963,13243.805555555555,17370.58950617284,1017.9398148148148,71.11651234567901,484.86728395061726,408.5949074074074,1.6875,722.0254629629629,413.83564814814815,203.45833333333334,1594.8996913580247,2470.9930555555557,2218.132716049383
27,11.0,24.224932504130344,26.07161949791132,27.09696570806861,3.3821542263831614,4.878688766806808,4.873705489664065,1.8763314483740547,1.9560168706094105,8.452907359400395,44.891502908031,25.521726282421522,31.251165227202513,25.521726282421522,132.13348735375894,4.860132439656677,2.8869158752971833,1.294980456419831,2.250950314980725,1.5274550363335975,0.4600263267471692,2.308358742226222,3.1897540598261895,9.985527005063869,3.6236618356190142,2.39617053284799,369.4998455318406,369.4998455318406,36.73567139921288,22.712380287176455,0.21636959529342234,1.0899877768673858,45.926090343725235,1.5050168571773965,81.85801018146651,10.719076146086582,0.406795255812704,2.3246719230614246,1.98421738371234,14.046501631989685,7.98436513586482,0.3052760950449301,11.882040054265335,4.551122244758156,0.48421066770540905,1.0878588026702845,15.954062512592513,1.8942766188934708,0.4310870528818386,11.293852167255437,3.1748781044742036,8.150109470912973,13.904847613802737,26.237867533479296,3.4340152319037194,51.06245214845062,60.96871683971578,21.73725637684858,2.656241185240903,10.597644024768634,113.70350172601378,1.3945251111499146,9.730117261481015,46.856015527408026,13.371012370884767,4.300413706026944,5.54873806229768,3.943914626119894,22.98210855753603,29.601606468857877,9.124877432873511,33.9522357587073,1.4126247498287419,31.254301602439252,0.47545971067442144,0.5883625031901033,3.45944875015111,2.9241964297707157,4.544762186194576,76.38521672554366,0.2633480637752018,14.053513143225564,4.5585367164098916,5.088396083224758,24.83056857714677,0.2139384007844296,46.71624870716867,27.795806525272333,20.94979784819138,19.520920361589813,2.515621432121318,2.2825625596045613,60.73857271420704,79.43666805464143,60.414276887533745,6.192635226799554,3.9803422477131996,50.03065185563271,60.40356485647893,144.78938602264637,8.902752219640291,0.632412792650002,3.1951738774194416,3.7163628792864913,0.009704630015178175,7.153145106045749,2.6392496877056777,2.5012223132614273,11.224731023922416,16.63444774275007,16.614689250359305
28,12.0,19.432488295078223,75.48017585931255,8.273404133835788,3.717066346922462,1.981637547105173,4.705561265273495,2.8413098092954208,1.0695043964828137,7.713554870389403,58.63639374214914,6.698606828822657,25.850690875870733,22.875648052986183,83.2330135891287,13.076281831677516,1.9926573027292451,1.1427714970880438,2.165878725590956,1.7595238095238095,0.4683852917665867,1.8,4.6903848349891515,7.441903619961174,4.077423775265502,0.6005481329222336,250.66589014502682,177.8206463400708,34.19387347265045,34.355669749914355,0.33590270640630354,0.8543393856343496,45.350496745460774,0.5325225533858627,126.05491606714628,10.73011876213315,17.787415781660386,1.713960260363138,2.68188877469453,0.1460774237752655,11.919293136919036,0.5010220395112481,10.014491264131552,6.741292680141601,0.0046990978645654905,0.2547048075825054,18.762464314262875,1.150525294050474,0.061693502340984356,1.0828879753340186,2.466992120589243,4.4493376727189675,18.152866278405845,17.14942331848807,2.3371188763275095,67.06068288226561,49.98274523238552,11.877829165239238,3.2710916980701152,12.781197898823798,92.71250999200639,2.461128240264931,5.995928971108827,24.878679913212288,15.915107913669065,3.566038597693274,41.523558296220166,4.647299303414411,13.946351490236383,32.06460545849035,9.292885691446843,17.74390202124015,0.36837387233070684,36.43103802672148,0.4212173118647939,2.041972136576453,2.805429941760877,3.354396482813749,3.2262418636519357,69.40349434737924,1.8697442046362909,14.408387575653762,4.298167180541281,7.052940504739066,35.70509306840242,1.062749800159872,45.098903734155535,55.59724791595295,21.918562293022724,19.549000799360513,2.2202124015073657,4.633418979102433,31.191663811807697,58.68579422176545,65.5607228502912,2.1727360968368163,6.999520383693046,122.7693730729702,122.70003425830764,66.19845266643827,11.17758935708576,3.641920749114994,2.6304727646454267,4.690590384834989,1.3482356971565606,6.642017814319972,2.0252997601918463,1.9266643827794907,8.013189448441247,18.724603174603175,21.663206577595066
29,12.0,21.283221986123955,80.18397702430451,23.171282830076606,1.2064383385485875,2.9883284446703366,1.6215195066838943,2.6203009130267048,2.0314691095693282,7.589462532837731,60.276492164871435,7.319326650459575,25.48429606314642,20.985260527975605,103.28930883082369,11.903161607563854,2.10723011824645,1.1213204901318408,2.614428393844571,1.6596082129538343,0.26457566609309074,2.0711744426005647,5.726018505477548,14.314103231416446,4.36638028695125,0.7810572983962327,314.9318995976804,175.9026717206665,30.625132422551943,36.3166383961103,1.2891373704096067,1.187253142930626,59.86769991978102,1.2139213609058008,129.91426979296156,9.523254318659179,19.06959455735657,1.7928941905537559,3.385565482569212,0.12253908378903021,15.094407328707984,0.8158208973503243,10.960025229175214,7.398314789073073,0.016068290233492342,0.6396514454725265,17.52060892941342,1.3708933699932029,0.01668677244141259,1.6534907503230192,2.755387224974434,2.2982860082178527,19.28281170584741,19.321353557497414,2.2854203535758684,63.73078877914062,52.84880865630148,10.864944305983355,3.6348689246370243,14.88637073415675,96.32406630619155,2.653821423978739,8.8489250044396,25.886756520088426,14.3557558648647,4.071137701083263,45.54288653607099,5.044206168900755,15.450199935089985,43.505312211043275,11.13531288463776,16.791442900620318,0.43974697341751223,38.927068088155146,0.5795606939247901,2.3964348481044437,4.6745803812544775,3.6365835287777935,3.4294654721591153,60.59093219352982,2.1209040862690824,12.599217405681463,4.006509372148705,7.82329779612132,40.65341726728842,1.1802538838845582,32.41406465282328,45.06664298879996,19.280913394120134,17.652553841631814,3.3858961562249315,5.4379098975524025,40.02390648059129,25.56863009252739,52.27980502501485,3.306271164644863,7.74280937888465,115.56158796837781,115.50676962456293,45.99573186040673,11.397573835140811,4.04892133028787,3.209371536346546,4.860088302113249,1.5944716263632635,5.706337299376006,3.6057573957612536,3.158141614054855,8.673533248011365,13.046716839249738,13.121173524062632
30,22.0,21.785728402302734,4.064428109679517,11.680957815079978,1.421524063318819,1.9273605895815935,3.1061093862562714,1.2351696130870793,2.6683221022969965,7.611550648042485,43.455542309237075,19.016760488852903,27.145093939065518,8.9889134689558,117.61353334565878,12.300439253587662,2.484830131903581,1.0178697794806735,3.1801130966421645,1.4598392166113083,0.27272611359391036,2.1126376253530283,3.4894840523534176,16.256896408830972,6.874509903925231,2.0823935176625845,285.08514124329804,260.15305660569817,31.5764741133644,11.42265885488056,0.5491626130807041,2.3517662584392154,52.86527219059398,2.6767055343401953,138.58622822060858,10.937975353347316,0.4245778001619309,1.5997373403800914,1.422059582932225,8.681627214596734,8.211332615057026,0.6154777918741274,10.040686740151859,2.556213621323881,0.08582976851527187,0.6926754942399765,8.043338837284915,2.0569372103253283,0.09070044690386786,0.7415097827957949,2.511771868644689,4.130411776331308,7.564150787022575,30.323645103501917,2.4958337849123726,51.62164264266179,52.9550227277074,16.464002244082188,2.6191244254320813,2.8354297226135907,67.32668608987804,1.8509024143009238,4.8967403431150665,10.459437576901253,6.608477785498894,4.018749561702697,9.837565425833722,5.173361724373155,24.301682424118784,40.95332691559828,6.078944516342911,24.196108557475917,1.9832905130150391,21.42712151832561,0.6087710462395686,0.20899290436512238,3.494660741949674,0.6417628795654641,3.9062330657860342,69.10087531955858,2.136767884123756,11.6477683495158,3.7254888210280703,1.7830189280682405,1.592118936356044,0.0746284832681997,30.17217593094347,42.48347858240308,17.527378440235374,16.19009671229209,2.7966810534435824,6.6993949903415215,42.19333533090649,61.856200233333546,40.359448414798194,4.994026406217127,2.5256698776592694,96.92705457837393,50.70756166444596,109.54948774998884,0.821576340233461,5.057587484141607,3.3347953868810447,0.3174611270137769,1.790356821818599,5.827263048509152,2.6701645447764526,3.6204122225976527,11.272018462676195,15.740527996837884,23.59890856002601
31,22.0,22.322227320321417,4.191019894351698,13.603912987211615,2.682025670890246,1.7430910951893552,2.045824068518453,0.9799644701702372,3.328303862398381,8.202631795668184,40.25937952211203,5.60703067094907,17.42873445569948,14.759297168201979,107.06053012388381,3.796103483570395,2.1172131436840433,0.8398922340262827,2.8475805597712913,1.4812468381980965,0.16555488888104566,2.0836833374510286,3.031865080765656,22.875116177837388,7.49194696408193,1.8418510806009483,189.7891034012165,211.81875080883304,30.21421428487394,9.854245344062871,0.8469276109130696,2.230167413734279,41.39457523029683,1.2198496452899446,126.54239461640725,9.501847080553889,0.4006458899516465,1.519100224708526,1.3139095754067696,7.735414534288639,7.250432358027742,0.26018541394604644,9.877292674031459,2.317262556030071,0.009500111766020777,0.5984246873492629,6.675649125283827,2.1269779644466404,0.03774162048965282,0.7659266579606819,2.5281768020800244,1.107283615101354,6.821697902328263,30.733679219755526,2.4235049824115578,45.73650278238568,53.11492488146919,15.809050694714056,2.679607995388181,2.377698561159543,95.6289368110213,1.66063718396687,7.846068777279733,9.06300074118519,5.60860127766209,4.08873045565242,9.007858915987248,5.115807244791116,25.606777726796786,41.89218108448335,6.040418122566148,23.23469687878681,1.7743561688961047,19.491935199237638,0.5632595677596207,0.2146672313791927,2.740367533735691,0.5601124719114342,3.6860492476382074,52.642178143272275,1.9240814597818798,9.365951364133696,2.938987517500206,2.0135236885139824,1.4383875104412993,0.08533629807409499,33.92332850974717,69.56478311509547,14.292568147860562,13.686219837880445,2.588101036482782,1.3404745938187508,38.73472629089754,38.63147801738844,34.04401228249744,3.879051518253156,2.478811515429593,97.3686161013659,34.13436628666219,63.16840198119978,0.6246838198096448,4.6468899634113345,2.099748232332145,0.2768561983082154,1.4917763738396923,6.213443687572795,2.363339568700808,1.1622842621677902,9.47686443369922,17.020606124777938,21.814256638313392
