,time,feature_50,feature_198,feature_211,feature_343,feature_430,feature_497,feature_654,feature_677,feature_750,feature_858,feature_923,feature_978,feature_981,feature_1005,feature_1007,feature_1097,feature_1158,feature_1463,feature_1498,feature_1734,feature_1838,feature_1917,feature_2039,feature_2193,feature_2195,feature_2567,feature_2741,feature_2841,feature_2884,feature_2981,feature_3077,feature_3107,feature_3108,feature_3208,feature_3209,feature_3242,feature_3266,feature_3431,feature_3479,feature_3668,feature_3839,feature_3844,feature_3851,feature_3910,feature_3935,feature_4004,feature_4195,feature_4247,feature_4362,feature_4397,feature_4457,feature_4560,feature_4583,feature_4588,feature_5049,feature_5059,feature_5077,feature_5186,feature_5423,feature_5879,feature_5947,feature_5992,feature_6195,feature_6513,feature_6628,feature_6709,feature_6710,feature_6749,feature_6916,feature_6944,feature_7167,feature_7242,feature_7266,feature_7305,feature_7614,feature_7652,feature_7691,feature_7792,feature_7851,feature_7915,feature_7954,feature_8070,feature_8179,feature_8200,feature_8299,feature_8361,feature_8773,feature_8840,feature_9253,feature_9344,feature_9507,feature_9661,feature_9764,feature_9820,feature_9847,feature_9848,feature_9989,feature_10003,feature_10004,feature_10310,feature_10406,feature_10407,feature_10476,feature_10740,feature_10851,feature_10906,feature_11337,feature_11352,feature_11403,feature_11450,feature_11909,feature_12147,feature_12428,feature_12494,feature_12582,feature_13005,feature_13595,feature_13651,feature_13677,feature_13906,feature_14032,feature_14109,feature_14244,feature_14988,feature_15083,feature_15273,feature_16783,feature_17129,feature_17750,feature_17990,feature_18376
0,0.0,74.9898259688083,5.518898344200802,0.7697028402774617,19.254563686834867,29.323140882702848,2256.4392581083453,215.11853233911702,10.871108351806948,109.81673741898156,24.704740188398354,4.495270538216001,342.49866404893936,168.26763227865794,25.993851699680803,1.1891524674463507,9.478437879900925,9.282239977116555,44.76500588338545,1.7546091936836494,10.902379683142312,0.9543988870324984,269.42093185024345,101.51382433056175,0.3674921825734773,1.4966097397658347,76.61024034117135,192.70507011305202,60.18527138334319,3.608109645501648,21.065082919979456,14.816100323098626,2.354616994857726,0.7883638987667644,1.195562432146038,13.71098762863811,1.9676576324736872,1.9278293883229427,104.63771997685652,0.6101720808981752,1.632249403535232,202.49610266345084,4.734545549105141,0.3429737425482535,2.6235218400369256,2.3708418116926597,13.04038407780371,2.091215227891798,144.13194385755057,31.707221936901504,1.034780234425281,5.580326089076406,3.131597680450908,0.7776827912600847,0.22250411186883626,9.198430988863825,2.772800556483751,0.5597651196505073,2.2882046247960317,2.0180970986133415,0.7315794777113955,78.40872301281343,8.479931479687693,0.07811575642134141,0.3188892428310461,1.301521879042796,15.720703340852799,0.3142963015933898,0.04612281648388082,0.19876903974048094,4.752577637934509,15.212845283215124,0.2409246341574407,0.1886502668651632,69.17480480812362,1.9798827223497137,7.977766653881409,0.03622832736326817,4.009493053704583,4.90328494438413,7.85070828159638,0.06702346203103567,8.159340605761168,0.7786498117966754,49.030733375372996,1.6861392639592259,4.090012546888307,43.01339201549833,2.1876247375229974,1.0904594891531176,0.8103875883320439,0.8922202791520124,1.3893923535492092,1.5010190283637688,0.46272013938097684,0.49433602257139697,0.49433602257139697,5.681065250320173,3.969638805640249,3.120947452591615,10.974579549222158,1.0587623437327318,1.0587623437327318,15.282015693361851,4.351403886284886,44.465749595314094,22.372558069989534,0.5630936205898988,9.414047314120776,20.652093640092833,1.2002983949084338,2.9871231870396495,1.9043576058196758,0.7608306300098164,0.18513973853064886,38.76525292056454,20.612104496726758,1.6462817654056936,19.430988863824005,1.9110341106336504,29.684751305071412,0.8149106440519298,0.5162508207485227,16.603459820703016,19.973822185238877,0.5519655708184081,10.187444335372474,2.0251165300377707,1.7360602770716993,1.3467800653998427,0.9870354238312866,0.31899325848540205
1,0.0,75.46343273602568,6.0449802754747255,0.681490706071142,21.958752340197915,30.448933538379247,2375.6634394223056,228.1396630115004,10.731405456004278,192.83979673709547,25.277119550682002,4.862892818935545,352.2515645894624,165.33821877507356,26.359708478202727,1.3211871489703129,10.137901176785237,11.268678122492645,45.77572211821342,1.854135464027815,10.420617143621289,0.9667524739235089,294.67841668895426,108.68196710350361,0.3406910270125702,1.3879546670232683,80.69205669965231,209.35778282963358,64.5590866541856,3.348239836854774,22.527659467772132,14.439129780690024,2.4734270526878843,0.8933555094945173,1.219248127841669,13.898428724257823,2.2153383257555497,2.022786841401444,118.49556031024338,0.7776561246322546,1.7090599090665954,209.74954533297674,4.310345346349291,0.4176317197111527,2.6957592270660604,2.6326825354372825,14.137439823482215,2.349573749665686,155.0679326023001,34.82704934474459,1.1843256886868148,5.967889141481679,3.050240706071142,0.9771914281893554,0.2510079566729072,9.254904386199518,2.867787175715432,0.6635129713827227,2.4164616207542124,2.5251621422840334,0.7799010430596416,79.5250869216368,8.544701123294999,0.10590231345279487,0.4321292457876438,1.44916087189088,16.790946777213158,0.3457374966568601,0.05826257020593742,0.19697111527146297,4.994241441561915,15.78032227868414,0.3037978069002407,0.23192531425514842,75.28057635731479,2.2016414816795935,8.9385163145226,0.0426333912810912,4.772245252741374,5.041020326290452,9.125377774806099,0.057144289917090134,9.189796737095481,0.6973605910671302,51.651303824552016,1.6875250735490772,4.547300414549345,40.93071342604975,2.299339729874298,1.2708962958010164,0.8610056164749933,0.9878175982883124,1.4346165418561112,1.3888038245520193,0.49864602834982613,0.5362764108050281,0.5362764108050281,6.14810109654988,4.081067798876705,3.1305529553356513,11.672277012570206,1.0068818534367479,1.0068818534367479,17.789303623963626,4.4731612730676655,45.56323883391281,25.34047873763038,0.6972251939021129,10.184355776945708,23.41725060176518,1.1419731211553892,3.3370068868681466,2.0905723455469376,0.9523335116341267,0.20404519925113668,40.30981211553891,23.390899973254882,2.0983986359989304,21.942337523401978,2.3019774672372293,30.81023335116341,0.8791371355977534,0.6181365338325756,17.621095212623697,20.239037844343407,0.5471098555763573,9.927433805830436,2.1429509895694037,1.9501554560042793,1.4428440090933405,1.1087506686279753,0.3346666889542658
2,0.25,75.73878986346,5.110409254969481,0.5787261032179758,18.126968361717694,42.92668332666629,2597.424439093911,389.30847819573114,7.733432908011554,402.62015657154853,21.53535788325731,8.686539014362786,486.3471130694807,271.7766931371043,12.46592127617828,2.002305833179966,9.21553608339937,12.03333267423414,39.00741486593162,3.657261321169404,10.607739142735028,0.42002059431481314,256.97339013754384,197.02784795494196,0.46932983300961423,1.420525565697233,93.90248880925618,180.3844049018728,115.03168999624313,3.057195614049764,19.598669430827286,13.528887557170517,4.802945564997574,1.9104923014679154,1.021173815104424,20.54604289518954,1.8726529097454914,1.568870035271947,101.47446776472593,1.0724694773698291,2.2567809899568494,359.4797577962562,4.459304934270065,0.6860081860119885,2.6301784282917824,4.991861138953827,30.018397993499253,2.66579564173193,113.0928432474527,29.022226345817177,0.8000617525244766,4.932534606510176,1.8722224672719225,1.6536398245984945,0.6718476933302711,6.935515762864222,1.8763504562233921,1.3308824983307046,4.685127528089033,1.8656411083209246,1.6228046293099383,52.48206515043432,8.098490713545857,0.18486819790619397,0.4258886051382359,1.1370601843753945,40.30003209306075,0.6118306277311423,0.03877176358213314,0.3672906308035585,4.571414665159865,12.637197834707049,0.1864257000013689,0.16578879724030096,40.644364777941874,1.6083505839872358,20.741332972349774,0.019958537590708526,3.4859984516238938,12.477435232096711,8.591008163197017,0.24533699995284905,6.424480160860763,1.158358721327284,37.523297889006685,1.3392038791536558,3.7060640674836454,36.91375484247783,3.358409522665154,0.9647432631189892,0.9424499933836581,0.9815487715658524,1.7412204184874283,1.9774177406181033,0.42662324723976863,0.7483767147352779,0.7483767147352779,5.72782042487562,3.0642287094482885,2.283991646678216,13.75829818560132,1.4580349008233162,1.4580349008233162,10.132938279416484,3.8882735606414354,40.66779423328765,17.760512758892897,0.6344691640442124,9.488759063247665,9.998973326255623,1.0107869188075982,2.8680975203167325,11.717435049576935,0.741474425176778,0.14176767361813516,34.304658969402084,8.000343745579599,1.375148107193865,6.78067815223062,0.7708646722325059,26.057305125915832,0.7507479508352561,0.4902602884116673,5.794978576741201,18.020311409159145,0.5020130410380508,3.3509596737763188,1.0867166669455164,1.054215978693858,0.6668603404298037,0.6051382359159375,0.12468230151354524
3,0.25,83.76063588814299,5.555236287949109,0.7158319420376172,19.110895508675664,47.985205272878765,2813.198746725043,432.1071049538576,7.703421161845444,266.4834612691785,22.800055757429835,9.609935593832468,542.4785824940678,301.372963348994,13.023752348306527,2.2244632555369344,9.38770738754265,14.32753688385664,40.46892632099172,3.737075206001527,11.143787640225185,0.5081085875946054,296.510205827285,210.50741161972167,0.5799137027051857,1.360023506825533,105.70279389075979,208.3826226901059,125.42637643234818,3.3191653492917856,23.01004425745993,15.694010511542738,5.299620152509243,2.070434939633078,1.068323443781621,22.351438129845114,2.055290144557473,1.668103898901642,110.9674230880112,1.2253059530560457,2.462945069427504,369.482387305047,4.651346573610896,0.597093960773381,2.709814258061859,5.158324172429852,31.57241971405309,0.6729557457081036,118.62848127532449,28.532610176364553,0.9486271316920796,5.525516944239402,2.887213173960013,1.9357839146150995,0.7089953208111439,7.190478151641201,0.8647613043436939,1.3526055510323045,5.142688331807396,2.5019752703126534,1.5613442609447716,51.212296414100294,8.557111765134499,0.26044105394214534,0.5027514390802559,1.3854691702597473,45.937586526977405,0.588590952723402,0.03956559893300555,0.3470804966212898,4.670365876452941,13.901529527677544,0.22907749965943616,0.1913952980012862,39.92225323377253,1.8748657544835627,23.18389022122394,0.016275783851254385,4.061222291567006,14.044319236630097,8.776510915467302,0.25384203539963185,6.740575885545203,1.2506027188083118,42.03407856095142,1.4298517676055669,3.8515521791334155,40.98438475161016,3.7083157771350184,1.0013907677101122,0.9253024682166809,1.0508675666000322,1.8430412509939713,2.130390016885631,0.4588979037107203,0.8273895701925849,0.8273895701925849,5.818042280605602,3.7766186286840298,2.7876639854523795,14.720381241426503,1.6566910499821006,0.020199396172379164,10.67787728930186,3.7644486192116027,39.13410295482698,21.17659581882637,0.9130152414201671,9.774605341941943,11.164248399349919,0.9639350806106706,3.222096732804694,12.790890629900556,0.872957012922418,0.1589118430681793,36.727827709541806,7.981394125828046,1.8620478816928716,7.066306989003748,0.8105815563292603,27.965633147792037,0.8415601942639545,0.5164215134974165,5.794806322132215,18.00086328975172,0.5149578809642233,3.231681625075637,1.2891276179855728,1.128836095332533,0.6273027660120448,0.5716086968918401,0.17730387482457002
4,0.5,90.39106394790494,6.69238610585559,0.7170218264540068,19.644880626110705,30.26382219783235,1940.302424487999,270.8136057199922,19.391982822156354,228.125898534587,24.867836848771802,5.543226971511707,347.45721332240043,179.73731682337515,22.607166900107522,1.3249225497484263,8.211613868620125,9.36734550629014,44.7570598576383,2.1549036936830586,13.482715273412948,0.8053438280684179,184.02008761210743,113.43771914991369,0.5181094800384141,1.6298563939928596,49.81540837260351,129.7043585906766,69.26350314427283,2.6937468692869473,13.165202742584398,20.86976233700351,2.5903144910936198,1.084120066235519,1.30264463495487,16.367037619605203,2.056611268333615,2.1118250820765283,70.76868297881165,1.1518487558506447,1.795448381919873,182.9486291863815,5.0549282608071415,0.5716147619700919,3.3360160420129725,2.883499188008691,16.56451582027075,1.3916717449358225,168.8694209496948,34.899689560886586,1.0060237312037572,1.447271613485756,3.0586994738806803,1.1326560889776567,0.46795266521390944,9.186107131804215,3.745199041563107,0.6857466012819572,2.463648632695971,2.4835767180236545,0.8445315815165891,111.02661863847084,9.25850676553073,0.10492554885188576,0.42837407115532483,1.4661324646568419,23.958302890306197,0.29250830336888656,0.06633761609561398,0.222484023393007,6.075416285131785,19.478618625708698,0.29390256742399345,0.16822737032865706,54.088716032760416,3.027261531393275,9.217476477776325,0.031064649822765748,4.638308122784572,5.8164038197092145,8.13842936313719,0.13000634916583448,4.378585763192067,0.6573045717184544,53.404476959547196,1.4858037118691114,3.910760719401966,45.98197666442265,2.0104218845217545,1.3140890861348895,0.7198486409913633,1.0562411662045708,1.1359806270678658,1.395846560762155,0.5930041126003822,0.46766551701034054,0.46766551701034054,6.330284244816177,4.987464385646418,3.4563231629693676,8.922256219151508,0.8791425116534313,0.8791425116534313,12.03132148793818,4.643690556333691,48.82460349618891,10.945071739192858,0.5474911223347063,9.206105408914995,11.406652904823133,1.2574443171775247,3.05023976874998,3.5364470833718857,0.8665829682828856,0.24543833173274798,46.06428929224349,9.347553018725254,2.1400357978093782,8.242340321669799,0.8041282340066427,35.21967156626583,1.0135853005644058,0.5694069113382063,6.8377660507869455,21.83032891231451,0.585121894412415,4.2643454456699645,1.5165094264374162,1.5807030026130486,1.0162318498406326,0.7159721402431827,0.31624429292945405
5,0.5,99.10928620112668,6.851527247339609,0.8020457270407105,21.31184236492414,30.917840908902463,1973.1676763187527,285.2162722860038,20.23095024485376,227.05901199476628,26.130663849701417,5.9631318064453005,355.1598655418706,197.61323885223038,23.418798599698516,1.5012843835870868,8.773623454220722,9.763457835900718,46.72066108027522,2.508960835006874,13.803868241646532,0.8035465238726197,208.21730874790427,123.28900371965447,0.4494612885626015,1.6464835749809705,54.820980642208376,146.21222428040522,73.96383162552051,2.899824713563389,15.444899197861407,21.85375273833234,2.810907890874658,1.061264019183666,1.2936951608008451,16.7808156706406,2.4686051544494068,2.4891735335722447,80.56053186249716,1.1920074691590397,1.8444013644813628,198.22337495211545,4.366247493835124,0.7263392331508608,3.449282187946197,2.85808929492399,16.980604066578994,1.5561588224466139,170.51191931185562,34.373998570511745,1.134955631138964,7.418364114869829,3.430418581357284,1.0706319764250523,0.4235746161359705,9.373313676487903,1.663763467785935,0.7546553722722396,2.492471969924363,2.1932379567273013,0.8575138512768381,81.70964141734922,10.46289715147103,0.13508166490606338,0.5116755360166365,1.355030488563265,24.907479606575645,0.34268249606559065,0.06349780187160144,0.2485800471963291,6.1323321387764445,18.60838489385801,0.3439461504146677,0.21542653309298473,51.153013284954056,2.9954462009940084,8.131640611396438,0.04399905143006867,4.516337127060279,6.014437499689062,8.716498649282851,0.12181329424075435,4.332410744046977,0.7989827748323833,56.02120020629738,1.512728581307534,4.649917995134433,45.86992320231902,2.4148020026102257,1.3348667441663777,0.6637319593441601,0.9966037216444753,1.2276866336214973,1.3804412176851908,0.6728014155582052,0.579914529205838,0.5583528049975706,6.669337145302008,5.075603676869322,3.660358897735206,9.471052862873604,1.13300044940988,1.13300044940988,11.469132506264376,4.6894925980036914,51.33058491276307,11.487009401124022,0.5046872952987747,10.382283632359501,12.27095601587362,1.352914447947225,3.497024110591314,3.8329737501513232,0.9067814458394761,0.2238674788105729,48.15521721753926,10.050051988928928,2.347519871047556,9.69996832572432,1.0083381286970596,37.01606764696615,1.2235009858825598,0.7122964181535059,7.642604719964578,22.72749675380133,0.6529096387640068,4.026830267340837,1.8796062439781565,1.5297066564070758,1.1020309678232476,0.8997053131524527,0.27477019566742344
6,0.75,76.99859657642345,6.430412366962082,0.5895188377645583,20.618985876735056,44.33237991178018,1974.0236558617619,486.0129594107887,12.302529237991179,463.70560155396385,23.495784063777265,9.22014649346445,495.03201003601635,289.5443033466877,19.20019424547772,2.1263081218890374,7.979196309335923,10.041047306867387,45.08720165108656,3.9000995508073326,11.981750637367973,0.6735300068795274,239.22734328841406,222.51135445752902,0.5083808830075675,1.6102739670592043,87.59763991744568,169.69120472663997,126.52321638136863,2.814759418882279,19.540635344583382,15.426274938286593,5.807421795961313,2.2220468617215006,1.0874217959613128,23.737868965238153,1.6165804702359272,1.922996236493869,90.2557079842985,1.047624135000607,2.4503759459350087,259.7506729796447,4.625998138480838,0.37593784144712883,2.750062725102181,4.946802638501072,33.79406418194326,2.449887094816074,145.33394844401278,36.10195297640727,1.0690105620978512,5.8944955687750396,2.3796641171947717,1.9912362915300879,0.7432851766419813,9.532043219618794,0.9338124721783821,1.5590449597345313,5.004579337137307,1.726193193314718,1.6950265064141476,69.17190886649671,10.44513455546113,0.22239164744445794,0.39969244466027276,1.0977135688559752,57.09781069159484,0.5670640605398406,0.05085994091700052,0.386668285378981,5.025316660596496,12.950635749261462,0.24995993687021975,0.22841973210311198,67.49936465541661,1.9191048520901623,22.674232528023957,0.03310428554085225,3.2069993120472664,14.987228359839747,10.417171300230667,0.25660313220832826,3.783869531787463,0.9361709360203958,47.40186637529845,1.5038938124721783,4.116051960665291,43.57973048439966,2.6982283193719394,1.0950070818663753,0.5600696046295173,0.854566792116871,0.786064505685727,1.8512986119541905,0.5086123588685201,0.573963012423617,0.573963012423617,5.683365302901541,4.131389259843794,3.2352231799603417,7.967363522317996,1.2660855489458136,1.2660855489458136,12.31717049087451,4.465823317550888,46.38165675205374,8.842555946744366,0.5913220832827486,9.644223220428149,11.44626441665655,1.2453870745821698,3.4340301889846625,3.007235644045162,0.7950305531949334,0.19611670915786492,42.460643438144956,9.085738335154385,2.1825211444296064,7.2982364129335116,0.8158844239407551,32.924058111772084,1.0453029015418234,0.519295860143256,5.99256039820323,23.163825017198818,0.6256646837440816,2.9411517138116627,1.3956634697098458,1.2708817935332444,0.7041010076484157,0.5282198211322893,0.1964550200315649
7,0.75,79.56856566007006,6.037735727835038,0.6711688053029828,21.22330639759843,43.339607094843664,1943.3792798826842,469.63807174189236,11.645839256143258,421.6787789133511,24.397394445488466,8.857041437985972,486.6937598077717,292.9072443795545,19.160168842245255,2.0855743639906006,8.53413867486464,8.871773373616472,44.61157770806932,3.8052403416035836,12.203211407773617,0.6466182562283868,243.20885072591565,227.0040556189999,0.513516856116275,1.4267715827193688,94.6869624297093,174.01375216232756,124.4353984063425,2.795249866285037,19.491998785723577,14.637347352122495,6.021744542582393,1.9792063193771854,1.1304094328076288,24.51481465419624,1.6008018079226718,1.8252389602838452,94.41290859357558,1.0527921129855298,2.3311794382525983,235.86773381647401,3.7044104254304178,0.3340464798030174,2.697958377302668,5.150372715401555,32.06473571016699,2.524535290310042,157.41434934218663,35.59263917197912,1.0767483733353893,5.676872370874713,2.808640636820523,1.8497059876998296,0.8076801377464893,9.222191704693115,2.631219753514736,1.4797082524217267,5.051018883925775,1.8373945739833246,1.7491651849603191,75.77950924600823,10.369554428013164,0.24118485109855073,0.48045994734923136,1.0937305751911763,51.83733193273937,0.565399867971532,0.048322098064064324,0.3236239405197296,4.629416006925873,12.724845926632648,0.28646483336626016,0.20135144468376612,53.08912242829585,2.001855144532624,20.877142852553757,0.045075996678407886,3.3009429916494404,13.517657602960522,9.898023267206666,0.2637051813945868,3.4682979089067816,0.863870939763216,45.6232916206896,1.5560984463365313,4.407959935302839,42.51825510405674,2.4773824954665407,1.1769117224254046,0.6785460164184307,0.9358409105145737,0.825459007730572,1.6121238112217773,0.5086533256878892,0.6297982791325955,0.6063640291490588,5.991683170225171,4.120802835881547,3.2490390993795306,7.332763137394735,1.0813051222869514,1.0813051222869514,11.663500874568136,4.403380699750881,45.05101406536855,8.4215386295702,0.5289699691451719,9.349179961869151,10.931224732690538,1.1487103131580343,3.044480101767929,2.800469969948265,0.8521602395144179,0.1708082166037845,41.835892790314055,8.093528195787616,2.117596889139454,6.616380203439486,0.6850446439327137,31.723601132682187,0.9660436272171387,0.6207442101019446,4.987686980097752,20.347842009145623,0.5355537245038091,3.021338177589533,1.1356359612138267,1.0481679042327814,0.6029781896038021,0.5154394604500854,0.15961631434982404
8,1.0,73.11003771376966,6.107217130827986,0.7079233895329979,18.882782042394602,33.36980799684552,1675.2179194464406,333.4244993226785,6.042399371649166,310.03466105306,22.886586808448392,7.71150874158118,376.996432137474,205.56529315619096,20.730750395899182,1.5601528266247766,7.779716288151008,8.224540025566501,40.99563715919281,3.2327871302556015,11.238000597823667,0.7417338158321515,233.26387555091995,165.32556586554054,0.48930436220482454,1.4644803703962808,98.05494889879608,164.03561502699748,99.04725350903414,2.6831709457697617,18.090220495176073,14.8179086347361,4.059146384120786,1.5158629966229322,1.0843201663730546,18.88992412727284,2.169382842460744,1.791052678440825,90.19821670471963,0.9488638170405185,1.8839125015104587,194.14244738833736,4.123170754974974,0.3544251671044347,2.643250316401356,3.9645248891800278,23.703034273103658,2.9431367935028017,112.5921379827903,34.30574864694697,0.9261735469386977,1.1878788071509887,3.3888206974185464,1.347046178698398,0.5841500410208793,8.744635486558508,2.6119854105585834,1.0629161711302046,3.7815622277199386,2.1456129918530626,1.2766810610734114,77.8672895056507,9.89786914021509,0.16861807335423595,0.3711689996629292,0.9911662013393794,32.8568911897327,0.42901638927224506,0.05402036416365105,0.32357523992444526,8.296727233411984,12.15986059260861,0.2673114470512666,0.18305328898414494,61.3438630856605,2.2066927631537108,10.20496766028352,0.04453627326901429,4.179496556154086,9.31960193847504,7.915938996546615,0.21283317539764815,3.7733389723792747,0.754288112848757,48.429062498012556,1.4938897969307479,3.8288125568409472,46.50237221519108,2.27385570826205,1.152941101649103,0.5453996196823903,0.6880855015040989,0.7256911541176695,1.3470048398277759,0.4782621138790488,0.4143744792892258,0.4143744792892258,5.990379172840998,4.385057270235377,3.2057626385647144,6.972729065041943,0.8998200169171379,0.8998200169171379,9.334460082550544,4.251974726050484,43.524234117923896,8.21217493338082,0.3788039710755102,9.474204544731839,9.020742573312898,1.0794978281193357,3.157316662108791,3.9096618480383114,0.7445861979050732,0.20062389895508054,38.863871099041575,6.21326723353918,2.0847335550792754,5.217568066040436,0.5570826205028079,29.610778633527733,0.8617214777692274,0.5504827108123406,4.193632859950267,19.03131737440933,0.5536832933724251,2.4721948396369813,0.8980456253935143,0.7207527490348964,0.4767691446669677,0.37788656613901306,0.10439813784287413
9,1.0,77.29913844653123,6.5013930507812105,0.6962497870336036,21.120336871081,36.87656968761588,1749.846991578223,347.69833936320543,6.834789856452297,340.55790180495285,24.759832366215345,8.320815920198568,416.7418112332675,225.17572149674453,22.054582869818237,1.650773527358248,8.547345352989714,8.708944254584207,45.14300985825625,3.291027349896273,11.680132824218372,0.739145395081896,248.0260570649723,173.4517393090869,0.5905566524020939,1.6650397704305764,115.67122665303681,176.51836187918207,103.18881684221779,2.906992981295704,20.41565862572367,17.976902750356615,4.222894806292447,1.6133148261359043,1.1466244408588142,19.917851762025503,2.015886458009708,2.1721436612848803,94.70898601270115,1.010808670989467,2.085859699408371,205.23792438774248,4.03834397330153,0.411431033964382,2.832862301774219,3.8753637131985714,25.122352952967,3.0274200499093014,115.01628566560768,33.19320311482146,1.0357482887523677,1.2842291284579896,2.931262798862843,1.281372873259104,0.5981432670882566,8.673645283170142,2.602324089756567,1.1263233147259164,3.6704399301136155,2.4050604156435926,1.277746598383794,81.16765048790184,8.502059510327618,0.14836825982234428,0.3797416341788517,1.8415797262671918,32.63891923312053,0.3839976214576589,0.06318838255780158,0.3119548477833121,8.212882880174249,13.819609945781261,0.3294231032628122,0.20515428789048015,64.69561673398076,2.451988187463879,13.207674807829147,0.04617278506596112,4.438710776600756,9.966373023588325,8.033211065566926,0.18673561766936256,3.926711164116081,0.914457662280394,51.56764313847326,1.6336476884376785,4.095402264292133,47.36433121870229,2.1740160952485943,1.250572086202116,0.5124155233294247,0.8561566497295744,0.728672459352649,1.5616015741139764,0.4763248180181264,0.4678345576813221,0.4678345576813221,6.226143587790594,5.1308031255115365,3.4963419889558134,6.623939761410823,0.8879780051646439,0.8879780051646439,10.7138082400457,4.165056473677353,47.1578590446411,8.280549403192992,0.4905175668046355,9.828379150339243,9.751756346398613,1.2118840260169772,3.3291658732624447,3.8087043959604867,0.8892391002963156,0.19041033196032645,39.84057419081121,6.782857791897589,2.249451298343372,6.29141653554618,0.6478938876138743,30.319432891365423,0.8150382671383664,0.6422732450733774,4.540179660122335,20.65677667424994,0.6365006029872087,2.5182232422338253,1.0612725201524673,0.8854691774987222,0.5431561786980154,0.37244064501257756,0.130276973238058
10,1.5,75.27983386871735,6.939910444855446,0.6933920633375515,27.284824296700087,31.391252149647944,1326.2854213309972,278.9484408968493,11.810097667023589,141.71752490346864,30.711645413543593,5.785943736007009,352.7852558486648,170.431435153639,24.806546286381778,1.2533258704046206,8.21288004153282,6.67319835166618,54.05970018495084,2.3304065673772674,13.298293260650897,0.8881031182063013,200.37053765534247,124.64965118920146,0.49864207144943057,1.601586683539375,76.9474739608683,139.3111911483176,59.84478406178007,2.3954313897271162,15.639303676303578,18.68651967941854,2.8864077354878486,1.193804146792563,1.3228024919692398,15.918725461565916,1.8734141276485285,2.2071984814562446,73.05787987929524,0.9069145656899964,1.7033826535578702,153.4351017229631,3.986816574191246,0.2906664719815698,2.4646954800610015,2.544013433271683,17.823892728511634,1.9630390343619195,165.80030500665174,35.27400305006652,1.1141957883124047,1.3888088516824038,2.346323696421039,0.8627048249456504,0.42035594925208475,9.373968980174567,1.3590820597683246,0.7924802881339433,2.335528407800383,2.0214023816476847,0.8206106622538045,5.515101074012784,9.272059443849573,0.11365229241701548,0.3812502027969759,1.2060741750219022,22.642973490379312,0.2180797559946786,0.05821895583893053,0.2549450014601382,5.163090950387748,11.617774749342939,0.29249651189201464,0.3306775041370583,59.35870729095688,2.797258184885947,8.976021285570589,0.045893766832149,3.4277328920471137,7.638333495570914,6.632794704565366,0.13089652487102113,13.783949836140044,0.5812193776566403,55.91850481845615,1.6234043933936857,6.354969337097245,45.62783347934715,1.8580615853856388,1.4399039553522177,0.39184269444174047,0.8947272786268211,0.5823258379571044,1.1765956066063143,0.4049758266004737,0.43617086862000715,0.43617086862000715,4.957277977870794,4.463798306239657,3.3092507868522665,4.837282196047893,0.7267464875563776,0.7267464875563776,8.224124728252052,3.4158781920244006,51.41912132126286,6.181787209189136,0.33885265582919627,8.211074337259483,6.583983906031993,1.327945423277848,2.815135143904734,1.3443395308089165,0.6939485382393977,0.20515428793925825,44.47074856419741,4.122190856289951,2.06505240273857,3.250872838184237,0.39886595931081475,32.95709464940459,0.889452934877835,1.2602761283623738,2.4867533015347676,22.424445958661863,0.6414030305980077,1.3157305558259516,0.5540024011161946,0.5035919400369901,0.34129595379473704,0.2092832343684091,0.08095168564846361
11,1.5,66.159466569302,6.326699367628442,0.7703186398474886,24.668283259362124,29.53837474823352,1248.706771732722,241.92604874019494,10.229461391815981,220.2981154549454,27.678852214198283,5.317930561832052,327.28539919015736,158.08992066176052,22.972486001334772,1.123952905826617,7.574051517482245,5.695309437090552,48.64020362783153,1.9290654488102257,11.686016897159565,0.8301215961022209,191.69289427453845,112.56202957451839,0.48941608133142195,1.3983791176725853,73.47828299001314,134.00530916774156,54.8228012892838,2.230200605137383,14.871933536641937,20.741541693726262,2.720153888052577,1.0506211486836317,1.1880430000688336,14.51584220937993,1.719190217244919,1.9456004836310636,72.19794756074567,0.81412825201488,1.4630812326606593,126.65961171847644,3.0501318313635943,0.2147579300829894,2.3577732620256837,2.225334366835359,16.559907703081652,2.019788171988304,153.63365545476583,33.83659794277232,0.9613155004354476,5.374432496655584,2.115823055674435,0.8282735627987156,0.4248232023199926,8.524180056802708,1.8969785029583497,0.7336482721262708,2.3867028392375627,1.6475209418834678,0.8362971697407366,35.15830238313995,7.955641215182903,0.13662278273413161,0.33208634729857933,0.9538051529453311,18.28828870619712,0.23368119255758832,0.06440433472297458,0.20151044924417683,5.117953905410623,10.699256896082169,0.32912650124648724,0.32123307964649445,57.422815056009625,2.6897413950481686,8.503655664259485,0.0434938753033917,3.2864496511930663,6.873477804147376,6.006868399079425,0.1058765962668231,12.535356543235,0.5463489745285645,50.67625748565717,1.5947824109128237,5.3535594468170435,42.79855988076818,1.3734329126501246,1.3002463046815846,0.33040141976841975,0.6947542789078797,0.5445697748541775,0.82818976533718,0.38143557022676194,0.40271114715732076,0.40271114715732076,4.494159616207626,4.293092096402994,2.9568517892254422,4.628352272557229,0.5960573294347562,0.5960573294347562,7.008309416141187,3.2542893825623467,47.33991542441918,6.295187032941381,0.35210496230610616,7.914917145259907,6.520808705359147,1.1719628657534737,2.6703722103675416,1.250264111642161,0.65526472515929,0.17486136009265604,40.07498675700831,3.7339280957924696,1.9045561876943429,3.1619775003815778,0.320576167403386,29.659665588273143,0.8189166783883354,0.9763870724458983,2.3850807598035546,20.019843538168246,0.5302808112791383,1.0981612442725932,0.48545515489062935,0.44165003187296303,0.2755724414091142,0.1856053917680965,0.059563534936059544
12,2.0,69.0975104250846,7.090014984244142,0.7711824609671226,26.038824624605688,28.692291991975214,1348.2247669808987,251.86656555482358,13.951945877507537,242.0738857646362,27.813254501495937,5.617606403897563,326.11890819122084,184.42278467989638,31.246874963700957,1.3545175919672503,10.177856174487623,7.054819434050243,51.219896686706505,2.4509328231278404,13.93968800248244,1.1030477919397046,237.8477912759507,128.53787960500006,0.4929700165772535,1.8366236166954018,54.45512940711843,171.17946079952475,71.44959535903278,2.473661415820242,17.054514107259312,21.590443935197708,3.012530014121364,1.1806074343754822,1.4021452525832472,15.714950890508817,2.2390957680711145,2.1879867182845945,91.61114641913072,1.0633486715795517,1.8728330509613647,113.05940431406843,4.100130593578513,0.7195556831438039,2.96164332188911,2.9192460419525648,18.74029799231041,1.3861371680608263,179.75984720385375,34.27306835171655,0.9437568138485612,1.497159963028908,3.4129445284277495,0.9871596809335035,0.4738837733745082,9.271853682091754,1.6284936271329316,0.8355533135424047,2.299815974233074,2.52427099080203,0.8227295883232415,6.050710797450521,8.837458287216267,0.10052884591451182,0.41382234295168036,0.9897450023480294,20.723226242173926,0.2691754351321617,0.08521604359535571,0.23572057952352427,6.1073671704005585,15.750030283771384,0.314421878655832,0.3870066856610906,72.56369963145065,3.14766366926471,7.522787500850435,0.03984846498615244,4.542598895181644,5.613773225163574,6.983421087129314,0.12055264149158774,8.36409887941749,0.5027271988092256,58.00074008559106,1.806794516729087,6.222450479811096,50.767077143136866,1.4588397913821514,1.480831617252955,0.388018910348421,0.8463741613884403,0.7370090917689539,0.9417804866311669,0.5956461063366925,0.32628813888386465,0.32628813888386465,5.3587141759578385,5.262347066954515,3.8279052093064934,5.49556529430018,0.6041687063270681,0.6041687063270681,9.0464478380706,3.917495391058903,52.84238665987425,9.250449278416548,0.2407634497281098,7.957313987119855,8.45940232280675,1.3360187709601035,2.9322174524129943,1.0625023853655542,0.7301027325088404,0.22587213113121918,48.304656399500196,5.468596973614123,2.4208166496026604,5.0737712670895885,0.5404582888756507,36.372618160638396,1.0493899272027918,1.186813533278131,4.257426991220195,24.1392439511278,0.6639414038062967,2.1874474182462627,0.7683084066089975,0.6002658334342792,0.3705621829538044,0.357803173739241,0.10320211471990415
13,2.0,57.07130385892191,5.967252287199812,0.6761870770282319,20.617576333011332,23.43188698979838,1113.0708683986777,221.49267503503663,11.31944454014158,192.67808325834505,24.87000547081383,4.87384055264866,269.38501162375684,161.08975304167603,25.479509252841172,1.157923240485676,8.477890057312631,5.246912848695479,45.50134014268213,2.132057453191469,12.031834073110467,0.9347319507929924,201.08037135388173,103.58666554586182,0.4400491133009678,1.4062168840063445,46.382331338392575,142.1688510877549,59.837231575277436,2.1171401837476864,15.788617124336302,18.931963470948876,2.4465741267712966,0.9518389238068596,1.1097759446800126,13.669325822103465,1.9429547080004796,1.9952278518167375,76.61794564739571,0.8695727666470526,1.6500608404107107,87.80170022420691,3.3804034621845496,0.6090132002331642,2.54412548972052,2.3701246711655037,15.026142773082494,1.2289652720455193,151.23669882549757,29.721109762164293,0.8762865714258153,5.874220891343023,2.611963581191976,0.8320267229273953,0.3460034809258767,8.062232229845838,1.3817498060410462,0.6726730782216135,1.9193943795311637,2.0133697319301223,0.7311391281700059,4.859652265702407,7.531306973289475,0.09620915320896993,0.3495243699262336,0.5752636532634025,18.237673098892195,0.23491288728056456,0.06360475643854153,0.19284274235222945,5.388794340119255,13.442748691207699,0.2685039597943415,0.25508737454679753,54.571271475011336,2.625235472371012,6.2313671935827495,0.04907058176661811,3.773695720776277,4.767980994089592,5.759829894896985,0.12373961131039082,6.939119626165649,0.3807410816777346,50.51529554108002,1.5064816052497765,5.00322047655336,41.018453316870364,1.1243073632744405,1.2862861717945786,0.377542653744338,0.7175571782727387,0.5484663117757546,0.6721397772262561,0.45845833293140537,0.23631021857072576,0.23631021857072576,4.3637360835311965,4.278666995558581,3.4929396184761923,4.252577965987248,0.4407050597448699,0.4407050597448699,8.837337684261007,3.0513801747077522,45.08696940340568,7.455600280568689,0.19981148429931553,6.711318796861931,7.899688425439146,1.2442366974474588,2.444993516327692,0.9591549315183644,0.6266603644361272,0.18443946206879444,42.95170938816457,5.5236960652859635,1.7684136982563676,4.141384019435859,0.514536241730045,30.174682947735125,0.9160140504830715,0.96998355999774,3.5302624199187234,19.78618212986913,0.5359178909392575,2.0163421615088972,0.5443087688739632,0.5054122471815663,0.36218441190129386,0.2390676741048605,0.043422000939822424
14,3.0,63.34695978304069,5.836674468146664,0.7905066596823879,39.93706535427196,33.26032528669297,1577.4906115761376,222.54813898917791,18.812788843832845,98.09078851796751,37.01060585065318,4.812980708467778,366.20129645674746,158.0587440784635,22.919987879027826,1.1668186863972543,8.175213525543121,8.143959385606802,66.29340366339633,2.0104002814014645,10.513882015431399,0.8362252612632916,207.6351770103531,100.87100453318268,0.46490171505665334,1.0848056913750757,36.425412623170246,146.24611969003203,44.43012092040206,2.4948112798132516,17.056185883331075,16.418168971833968,2.2851961206798097,1.1732948791938032,1.2693642428275365,14.031397277044919,2.0581106206211848,2.23005178822408,81.55876311265347,0.7627045604396441,1.4854175263775804,117.27559527525723,3.6483501925498656,0.6187010155121034,2.1708082526156782,1.9021261951567885,18.478096215546213,0.9553153356184513,165.47900833392973,34.90521125666768,1.1717858486127122,5.468524302092391,2.461093354326776,0.6565836217647587,0.3873488114290413,8.96677848618803,0.8254031822120165,0.7878144638525505,2.065931388597454,2.113730046458651,0.7109391773879914,24.606838908320682,8.399215486826057,0.12843357752930123,0.3508473260008558,0.54323121363518,16.547077642745005,0.16676691340052657,0.06689527997770715,0.21382095374996382,4.974626663397862,8.757585124704399,0.24010945420602303,0.8355978943617683,47.91141335712861,2.3881969749342558,11.141763601451471,0.05565901695261096,3.966716054044918,6.042950268991173,7.83332140524095,0.07726358394001641,10.248607839345345,0.38059700356167764,55.851984047826065,1.4186577698324838,11.326214038704883,48.2650960160679,1.3754790905616303,1.2971480692479058,0.5278546336070704,0.7144445138134924,0.5715205881412428,0.9419700843443026,0.3509813266982685,0.3559088977985817,0.3559088977985817,4.294670579080968,4.4675284332729825,3.0112332175547003,4.652374781677841,0.5768379794522113,0.5768379794522113,9.716119522531152,3.2769809642872914,51.576600432761346,8.498531321901652,0.36083037795810347,7.021988296257269,8.574497535453082,1.3221361538449825,2.298204847475229,1.257454930844981,0.6673722006416806,0.21549748520282072,46.26061308364537,6.0280929416655376,1.9010328712847164,5.111809877374134,0.4773196205952981,35.00509354923688,1.070079319276457,0.8540656268415578,4.3337196004951934,23.680362654614726,0.6854866585555639,2.140222593431225,0.10834717753417399,0.11613292260089263,0.05314193567052883,0.03958045599828235,0.015888219054594626
15,3.0,62.066718026244956,6.08143125606403,0.8164045501577857,39.883315980672464,32.73215765026706,1683.9325019098671,218.86573553255477,21.89057347589377,196.74541873636096,40.59352869313511,5.17569327372184,372.9546305817278,166.14576879808916,24.909888115629965,1.208106217624931,8.572060819196018,8.195541386902018,72.05437238702773,2.323068938951942,11.377773336642695,0.9267400743317077,216.866270617701,108.24599733746788,0.4392082029197598,1.1105563273818542,39.01258094774539,150.89840796051973,47.97869329628567,2.5702073616111867,18.913912536142423,14.936772920823515,2.439470910386132,1.1386579677724018,1.3200373270240562,13.559487929961866,1.887877098033401,2.2592342480280823,80.37540413433861,0.8063974909019408,1.7153185851832988,130.07429947361805,3.2933910537631634,0.6659376400166328,2.2426917361578953,1.9863440468554077,18.25107419954808,1.0389854656691304,171.6145066095909,36.640338973216735,1.1999203819089646,5.766773791142729,1.8477279833414455,0.5700993775605919,0.44261211806685985,10.213292675457966,1.003166994916691,0.8027421502042027,1.9826935412644127,2.4414404105327967,0.7984663041411078,5.669175549832222,9.275069222611538,0.12266504636867366,0.35208119111242914,0.8449155629192441,15.534920752600481,0.19153308341203812,0.07537286731500076,0.1321241268603073,5.438679564582521,8.69143476957493,0.2622175088885379,0.773804036347109,42.78655582453075,2.3327923386121956,11.070595781852877,0.04857992914956919,4.321576502670591,5.451932592165193,8.560811137507212,0.09130776743781246,9.70896847832744,0.5224574591191725,60.47846926967324,1.5388275188488578,11.217531452369364,50.63199680238274,1.6232903868407735,1.5207587249501178,0.6001979170360151,0.776508472718716,0.5022741118714764,1.0056087238219262,0.38506306590895173,0.47991657829166007,0.47991657829166007,4.625601567863947,4.287638888441194,3.5748845215339538,4.892933007984373,0.6673527145900958,0.021356666484007077,10.505407261040967,3.5370755985056297,54.619267578030566,8.842352956345433,0.4362475058907717,6.818536832231466,8.69415048786227,1.4891854779180675,2.209833962434444,0.9846694882200683,0.624400849689425,0.21145533489561005,48.01426034148747,6.7431301191692645,1.8460663183240875,6.6869590724331225,0.7484197259461498,34.97972156231969,1.0785189101024721,1.10881568895436,4.920004770638653,23.53636644951665,0.6767908429525096,2.358361994771638,0.1425615106162827,0.12892812130315798,0.045570881053150714,0.016465150162298416,0.013628554206381696
16,4.0,77.13545329875491,7.766449646295265,0.8731737701801789,27.144431696289157,41.60894241605453,2086.1487325014596,290.492172330921,17.57801192141102,345.82085296473815,32.87620334288314,7.7701326562478785,470.7802142595283,217.98313622724,21.595838029029586,1.6078120544746024,9.771215495118739,9.71421879455254,59.20754524840799,3.390400752216595,11.579164347105866,0.6982172195141821,213.64292794199514,169.87147143885184,0.5350530896549851,1.964600673464677,36.527593721571236,152.08414235088054,87.08198346209724,2.580133470922891,16.351873413080966,19.540988336569402,4.240500549905634,1.6503414846094313,1.3524335021521,16.575847940908904,1.7557553395158114,2.0906733288978803,83.91885836874907,1.1807017067441512,1.9199462993387555,183.2471588208937,2.9641933359583974,0.32601257315102716,2.302354750234219,3.7629092044698504,26.64397174435498,0.9735043924561094,153.81356162337573,42.520105500414125,1.1766877350676859,6.662794131624326,2.6941404499721653,0.9913814172629635,0.771851959972301,12.005101902266155,1.5092991758204457,1.1618385857241782,3.1680284185800214,2.029966462545316,1.179354098494209,7.301623239962525,8.107080544202908,0.18066097299352332,0.4090262596912382,1.1148674795312903,24.23553103232902,0.3078028893807112,0.0629624977935885,0.30683716004290623,5.339108473977922,9.70909991989029,0.32314084373175467,0.3856824261021874,19.006111759833807,2.130804559464487,17.041214069437466,0.038693668617360726,3.7960919360751673,7.960586701788212,5.480816100693832,0.1822648644245,10.83813256120246,0.7657758421702943,56.989375280044534,1.775867628888376,6.553836440413312,60.76188407174571,2.1741792149248464,1.4067400779372428,0.7935698380154517,0.8088568751782101,1.2885595866882102,1.2884543578324215,0.5922687341308096,0.46513700118127876,0.4505797770506049,5.143698488777852,4.564698773914106,3.4637859984521175,11.060941085418674,1.0301446727043138,1.0301446727043138,26.695012831131447,3.591294518594957,70.82282176268517,22.067268394682888,0.4362856250594034,8.178003095765048,31.246632676614755,2.0156247878450486,2.8369122459232305,3.784416624801423,0.7931166750397154,0.2039827424676506,62.93853955926082,36.249246425613386,2.1300951133077164,32.042634658990615,3.6802129017366156,50.100558052383604,1.4079145677470162,0.930238360330758,27.879002090999197,33.243852598134396,0.9772281361593504,16.73909353826936,0.339685535445152,0.309189534141672,0.19594291843745332,0.17014827085228584,0.060863012396638105
17,4.0,78.48000452175764,7.339341286307054,0.8185478508351952,26.07598048994574,42.569056548568994,2013.0730928822215,285.91358123204594,17.96704436642196,329.89812746036813,31.199362964145124,7.68534884030216,473.9450473454623,219.77936482604534,21.194442227896584,1.6575184195127142,9.32987219385041,9.65680690764975,56.76678370039366,3.500265985743164,11.188304606873071,0.6624158820087244,206.3187972124694,172.92497872114055,0.5665596074050431,1.8750698212575807,36.13452561442707,145.00360410681986,90.10305617618896,2.9096296813490796,15.071482006064475,16.33972862804554,4.187767648154059,1.8165878683902543,1.267242525800617,16.441554620172358,1.849711405468667,1.9361467975316522,84.34635333546122,1.2209427199702096,2.0260632780082988,177.4275055857006,3.0292800430896905,0.30355290456431533,2.2746036812426853,3.800542278433876,27.072580859665923,0.8437117645494201,151.90409884030217,40.487711458665814,1.2432173635493138,1.7150494733482284,2.6167860277689114,0.9636929460580913,0.7073757846579424,10.559181827854028,0.9623929407383764,1.2682482843919567,3.101016398021066,2.1674845728268965,1.1227391211831046,38.860916054899455,7.024244600489414,0.18945499521225662,0.5118513272688584,0.7358844690924566,24.06228721140547,0.2926990238323226,0.08476466911373551,0.26975609107351844,5.08889077295457,9.948987259282902,0.2680953425896372,0.2889502872646026,18.159192467283752,2.2083482950313864,17.597285947973187,0.039558729652090646,3.909908966379402,7.914410775082455,5.637208745611235,0.16795171028832853,10.684880040429833,0.7702298781785296,58.02157809341419,1.6613452893924885,6.238246754973933,61.16608814767528,2.1715807532716247,1.510406692201298,0.7551950340461752,0.8300500718161506,1.5174918874348335,1.3151116475156932,0.5016441243749336,0.46414678423236516,0.46414678423236516,4.9273210580912865,4.3453342775827215,3.182103814235557,10.394726167677412,1.0512504654750505,1.0512504654750505,26.596863695605915,3.220126476220875,66.92164060006384,22.700101074582403,0.48701490850090434,8.62425856474093,31.399357644430257,1.7946124587722099,3.599422145972976,4.23656439514842,0.795338932333227,0.22851333918501968,63.79217203957868,34.57973587615704,2.054417358229599,33.01788754122779,4.059356380997978,48.7066908713693,1.4060255745292052,0.9963426960314927,29.786745930418128,32.09736408128524,0.8147824901585276,18.358304407383763,0.37202095967656135,0.3661991967230556,0.17536938770081922,0.20735251090541548,0.04923229864879242
18,5.0,71.62763172656221,5.426118444835023,0.7705988307592586,40.55541116637373,35.26628896949752,1765.7625369283123,239.39640751405457,6.785624135223066,226.90417959936676,38.56203956471336,5.728336948256734,389.04623362377373,201.69457636837316,21.8689574685564,1.4593757401244032,7.855398389489299,9.203168044077135,69.52664447851613,2.664962043304289,10.628560387918677,0.7999872231155654,232.53685352081075,121.02508008925122,0.5110286326863867,1.1853146853146854,59.38435361430014,163.70407489124068,60.288626703065205,2.60175386111215,18.148559328372162,15.84852068608753,2.9052562856038793,1.2534513169539907,1.159430587238074,14.134726013736708,2.3923485160116176,2.076129975194146,87.71587948593296,1.0050764743278113,2.0255818156887675,159.8218964636077,3.220580444510926,0.21210407239819004,1.5798804582227042,2.5882586664672225,19.82616581279683,1.6130053101978237,118.20229859267292,34.62954202660085,1.2917679468481607,4.117291799109981,0.8071749996883687,0.8076377722099647,0.4590438527604303,9.013032422123331,0.883893958091819,0.8877098836991885,2.276289218802588,2.492944666741458,0.8001445969360408,39.28698752228164,8.955921306857135,0.15916570060955088,0.412299153609314,0.8024008077484013,16.106972127694053,0.25709117086122435,0.05529274646921706,0.2148417536118071,4.9256042531443605,3.888995362925844,0.24088166735225558,0.8234608528726176,38.406538648517255,2.1467378432619073,11.488672201239046,0.030024120264761978,4.590734577365593,8.397859716041534,7.007909203096369,0.12026476197599192,8.39717568527729,0.6815673185994041,55.766962093165304,1.962495169714421,11.954398987821447,45.31308352966107,1.9342504643306782,1.4425850441893222,0.6371395983695449,0.700826134649664,0.717111987833913,1.2565115365917505,0.21981383144484748,0.505626503621156,0.505626503621156,4.8546613813993496,4.273855378133453,3.2443937524151427,5.852444124502948,0.9585904291786644,0.9585904291786644,9.43049998130212,3.161663425700859,48.74621679568204,5.712339354050584,0.6517597821073757,7.544547698291014,8.902353439786594,1.2636182890193586,2.691689104122259,2.2818611869414007,0.6549103748301609,0.20408112386722013,41.87559365767922,8.41149981925383,1.8814227216633634,8.042054647669621,0.8092333246076562,32.55082395323037,0.9669577303267143,0.8742489685003054,7.116579721526246,20.588497064432893,0.6012614836144248,3.654785722299091,0.27322899916482807,0.26660683345175323,0.18541284918290266,0.06895933834436509,0.024936738840482156
19,5.0,68.47388453234234,5.389287978874539,0.6671086532518922,39.40270810424676,36.81278764577932,1876.2883529043495,249.11890455818732,7.305707566478581,232.6267391182207,41.7500581913331,6.038414306238914,414.47873568292545,194.2292690365923,23.346361235743124,1.396442703609468,8.034001396591995,9.520984998675646,74.08431241923444,2.8334202859000395,10.95738789138688,0.8430342967677724,235.5598006244532,126.220594113445,0.48712326128309885,1.3134642705214745,61.77886651309505,168.42665724903483,63.46462047211231,2.591137259308607,17.417670901925533,16.034229346089944,2.9640032426618723,1.3697790334620232,1.1524179502203244,14.634346531395227,2.4476318134024675,2.0880141906588863,88.40307250238786,1.0834182793023461,1.7781184534750258,169.04479207634702,3.50377962741494,0.19844288019006492,1.6911300355569112,2.6453796081516026,21.619045020025844,1.5156442382553836,120.71142075143071,34.40657521932113,1.1557970607356989,1.0847265809983224,0.9670853767186509,0.9387474014559873,0.5108877990833862,8.945373989678062,1.3225581712671264,0.9990737545048118,2.5155511321224187,2.5839231392819593,0.8837088346483237,5.595665748982655,8.513645666952941,0.16168522100666993,0.368042122498776,0.8129850949923348,16.404359935467816,0.2770421144723852,0.05552175553218984,0.2237565114095145,4.918427790575412,4.14643026270377,0.2478404995625617,0.7885094189695719,44.07069966048367,2.2533193139041168,13.227604363146025,0.03949947427140438,4.538108500750467,8.685861512653606,7.538485741116792,0.11441459518898137,9.573801860517381,0.7350841567072535,55.60255239226577,1.8746390130749906,11.102193612598223,47.056122129562,2.067063705463564,1.327062581768856,0.5792421481832265,0.7518737609259244,0.7848975431217844,1.2856576423279744,0.23907728611675189,0.48316143479761453,0.46082398927674195,4.887266131038856,4.5528064275337305,3.3022690606714877,5.490282448691297,0.9823403350215508,0.9823403350215508,9.115300708730306,3.5162831389609033,50.6221351804734,6.091749672924576,0.5335543266259462,8.137272150831935,11.015906701233657,1.2840700222331025,2.768658549310132,2.9017906877814252,0.7240350271693328,0.21127065792325164,42.85163537711997,8.879348899180506,1.9539413591890136,7.96269654624405,1.0007336121166395,34.64164252060776,1.0490476687348,0.7607124224449991,6.705930700142067,22.48191252839336,0.6648532374447182,3.8834921220974565,0.1711852571254284,0.2024865758614324,0.14476077342301488,0.07103837417428505,0.015813595100691073
20,6.0,64.38250119259526,6.717076265887762,0.8204206271893193,30.759654618238294,21.117802166586646,968.8412790796407,140.82335232737472,20.11986933169895,122.2118882835428,30.669344666976457,3.314970196697167,237.68109462490756,115.16328443049524,24.306919213828856,0.8553987899596601,8.545212868604564,5.1042444040651676,57.12524797490378,1.334002318806571,11.553822711645132,0.8950593364384551,180.97095316535624,68.97098404160884,0.2741764917475496,1.5505451974304783,40.21959190856924,127.74373945382997,34.386329847919015,2.215050011810167,13.285935712554439,16.45133516635353,1.5868294256862634,0.6800818838219242,1.1674913199134846,9.522575944002828,1.840698606091576,2.278085425328099,69.84202782876648,0.8625234852496422,1.3533941492588928,74.2414924345462,3.5667228099859978,0.29127421663087594,2.2723455299677187,1.4207661324560361,10.610244431853795,1.1517073795787554,122.11699938401875,33.44171103841469,1.2348694783611502,5.687950696799831,1.7927925563530205,0.481209484567277,0.23502231581157457,8.691377960839649,1.3888647882583787,0.4759034005560813,1.3214202458675997,2.069366589115812,0.43009384836981107,3.7650317176304946,9.045678328112674,0.09302860530423143,0.25649211806461475,0.8109493367009033,7.498748739862941,0.132929986553392,0.0728092912819357,0.13564555297052708,4.785525830301028,11.165908911967172,0.23978960921470882,0.5760783145271224,45.184212354514955,2.756676603673965,3.447778222052746,0.05100756931332758,4.060200973528245,2.774717598074557,6.86623017937559,0.050465691080005,7.81268458209764,0.3207363368722665,58.41478231470003,1.6946276864269538,8.025485258905098,45.877378050380784,0.9217240681932916,1.607569004565054,0.29218197845763855,0.7596036724214855,0.3583868393060871,0.6315366956543218,0.55139429437728,0.29980069378939617,0.29980069378939617,4.908725165844072,4.489924306866724,3.1144443741152026,3.187113178447758,0.4221200561330272,0.4221200561330272,8.475664109598346,3.3714243369710704,49.12517078427226,2.242173255916276,0.2965911073304855,7.829262042124472,7.63527426603288,1.2643362300404324,2.3392065111841505,1.6153112249072554,0.6119271876210928,0.24483787651660294,42.00588192612239,6.2944405763361315,1.8526863111677863,5.6868221697668995,0.6632574137742051,33.521952243700085,0.9977167011194186,0.9000412197972356,4.724698068844781,21.614195048375368,0.6366606097751129,2.582434191127091,0.7572786905998793,0.7456028356750398,0.4792982445306578,0.32902969832357387,0.07497217277733437
21,6.0,67.1184420057877,6.6065479575130475,0.7948662843020055,31.526234961741146,20.049005956351923,982.2315709038701,135.1782592408524,20.914690295071495,127.14306139475048,31.8625218456781,3.1330485746394623,230.13092034666536,119.68431782532711,23.37535762736907,0.8795312525651415,8.721340932868287,4.621263474921684,56.78704437489646,1.347014585674608,10.63727294299901,0.7773822795918459,182.4745769288745,68.82164524260456,0.23384240665869702,1.565256454455772,42.196504393014756,129.3492905658012,33.175737007138366,2.184608106071121,14.117677873443565,16.35077853444789,1.5023065752692746,0.6720618589011718,1.1997713572751518,8.996210679644976,1.98200856365506,2.285110911123349,70.62081872601826,0.8909992075111821,1.2899777774792887,68.37128474227697,3.82934178654739,0.31236446724901906,2.1706253796409474,1.372950311995833,10.380543877165726,1.1703955429593114,127.84743620166527,31.46088075207338,1.18352906762422,1.1029757880487912,1.8249644424744158,0.4567974198593817,0.2050232746951306,8.642889017239243,1.4453697609549265,0.4412371780234344,1.2279263507755496,1.9542639928004406,0.41031817455946723,43.40215897236139,9.26363312095827,0.07759375918787059,0.2686462470207047,1.1274011590335518,7.032677104833883,0.1515802764308453,0.05795764736784764,0.12928462586617834,4.388606070374798,10.906147534255366,0.258372248862383,0.5554943652701849,56.078789208421576,2.7451693254591882,3.42033248711646,0.04097808940049937,3.7654889775401803,2.6165891340977643,6.745409609262717,0.04216458395829509,7.245886445754812,0.3099273029560878,55.15282199149007,1.613199789266627,7.869652752592752,44.620024744754424,0.7945334688474287,1.4683967100520714,0.3303469489180513,0.7740690495059258,0.3999979105756215,0.539290879214854,0.4687623593183104,0.1590186272183344,0.1590186272183344,4.58964899162887,4.229963539544595,3.175784765409878,3.224372836886101,0.3728891217104625,0.3728891217104625,8.66142519636858,3.3061439523850034,44.15553973562812,2.1758235690054786,0.1851618035314257,7.516089313937505,8.037863354630538,1.1915151460880753,2.4869612456551167,1.6275153311513773,0.6863177029465362,0.2176120565756424,44.40647661859498,6.21341828335878,1.7501958835354852,5.4830361127154905,0.6624997574775275,30.985844149835607,0.9103368301342754,0.9688392202865198,4.913794827480706,21.35643788962168,0.5782870003477399,2.443856420726493,0.8336116745094703,0.7392458073461177,0.43906566911577055,0.36247184873761457,0.09333458698796043
22,7.0,79.41735283782015,8.744677149294766,1.0617399003645034,28.28504468438424,9.733382025646149,669.7248379028313,68.03341165445913,18.47100338319702,33.82364999414314,36.491200931585006,1.9802399933851953,118.63824597427117,87.93372103439009,38.492186261877364,0.6558148268092524,9.95566185944918,3.755775895927072,65.22265019396536,0.8786372813152437,15.33357047867759,1.4185483259720661,197.44088362766917,38.03789731893695,1.0794568969675253,2.1473309951835953,49.287154876006866,139.9808170661963,20.410019706605848,2.8609599046365646,13.816542524237057,21.55879424511986,0.8368968297170104,0.45195136740417147,1.6530207608403558,5.749857023751283,2.41145119169842,2.8230522500671817,77.26111941789718,0.6971728600073038,0.9431367955405191,47.15554437776048,3.302718615852104,0.1438048219170531,3.423442247931151,0.8614990801287131,6.994758111748858,1.2484307064749292,178.27749105967794,39.21485023668598,1.2133911899069103,1.5919940191140296,3.3705772106195178,0.3062465117240524,0.13665773208662638,10.398185407465082,1.6872868275809796,0.2958368072542359,0.9167240868468741,2.586853764581855,0.26050961558337754,3.1563178275878703,8.556875262697325,0.024485113244079405,0.28770955494766726,1.1655544377760476,2.550518848748355,0.11454981430313721,0.0833362043423437,0.047764402703801445,5.978984214044058,21.45778755452046,0.2668677521377533,0.35837427392182125,68.26949128017144,3.9975366742690985,0.5297425049438775,0.04947322726677646,5.148881340049198,0.33826802362036534,7.152423016764396,0.026838192228982493,5.390557710726319,0.22938213589289527,68.28066065362539,1.8395341385939405,6.5057810637432905,52.76055095811313,0.6110046923771265,1.5408309159437465,0.16184050052022683,0.8246508278841582,0.858188232537949,0.37886466522886536,0.8549824638769646,0.0984658476252162,0.0984658476252162,5.648121671065052,5.639036650152623,3.5709179419688692,6.138259755114415,0.27207691088617714,0.27207691088617714,17.330104596600265,4.100670782545184,58.203474150583276,8.229254663092835,0.072426944304722,8.840066423664464,22.54069655272206,1.6167409683798553,3.0080962454092566,0.43154710636743865,0.7565889656788098,0.317147158734643,51.1604503579574,23.17593313534855,1.8555044133150507,23.065564084366322,2.5308225785335803,40.12170551716059,1.1265219218763995,1.1658179964031998,20.321710340455734,26.212850291809357,0.7904467749381585,12.642848775916598,0.6437565889656788,0.7684835560087921,0.45038896430072556,0.2872530645150177,0.10423313052525685
23,7.0,65.15190164616845,8.170627810059171,0.9049967214346188,25.4266266457381,8.779049732472195,618.1841286136598,58.692004212839144,16.66922170457231,30.470858326851843,31.363398064785702,1.7000292645215407,105.90692004212839,77.42863447360638,35.43857815113952,0.5181244415092982,9.193920491268374,3.371276011386559,56.2253211663868,0.6627975943624325,14.320236807882328,1.330621800660095,178.53673010442895,34.87843329958263,0.9401986544579882,1.8184457252671757,44.49438262031709,127.56597115175454,17.608644144983014,2.4082698094989192,12.68383831586591,17.518000810642896,0.7740559844381603,0.4121915683749114,1.4856987256631073,4.998624410992819,2.2787609996259777,2.6515690947873156,68.97346005236315,0.7116849948121985,0.9061125291275887,39.93906093749756,3.252745309460578,0.11192662273336891,3.2283790741456557,0.7560794304842418,6.425035093951633,1.2552445308991094,156.01008452282397,33.682991679173206,1.053732478454583,1.3933292540363913,3.185297629573755,0.2558423409113316,0.12149158292892477,9.28441202568392,1.7113892197014393,0.27223986266019196,0.9316430855134359,2.412412225997224,0.20909422393462274,2.863344074090883,8.652159080061159,0.02644448582861632,0.24409740860314336,0.9356446567209026,2.1680112175449415,0.10593130818671077,0.076145659069889,0.05102511897514707,5.763301664008864,19.889455226064516,0.2207969026555597,0.3547720731957327,57.83668519043066,3.3716046503985138,0.44778160842192244,0.061491489032064216,4.3697752265653,0.326146050306808,6.225327426177506,0.021322412085151933,4.674278050513381,0.19617558086945364,60.81213272634229,1.6370714195170883,5.92772289158512,49.30919453708065,0.48605083889020173,1.60305102198908,0.14694702182632524,0.8228150591784964,0.6371700112206748,0.3698284347862829,0.799930829312722,0.14152917297210169,0.14152917297210169,5.1281660847669555,5.068926555440619,3.5433279238308666,5.679833614763091,0.18535709758544222,0.18535709758544222,13.963253463620443,3.658497118148855,49.986948336382376,7.608052594761494,0.11062458626695816,8.09068089308434,18.121223976876333,1.3703980757403376,2.6757099776368976,0.41589892941929485,0.6312466842671115,0.25462011677639557,43.23568581484478,22.327437132139487,1.7598666038600999,21.208577791201552,2.3109222393149285,34.40642317124127,0.9663911837107726,1.1036057959402128,19.602306106895316,22.61797123313182,0.6493719082502476,12.057719965132966,0.6857240778154582,0.6007552437484253,0.41565949242487077,0.3617251357200872,0.12819581877279934
24,8.0,81.5830899930945,6.953246778100814,0.8014232015016658,24.26967786589946,35.247664810848484,1189.2203873136673,324.2214032026818,19.16384200613361,348.7946771881085,26.655146347025774,9.075687718587579,398.1501570082786,245.46539996842293,22.208309876450674,1.824779080022391,9.34499559037186,5.932522323244083,48.1880080441824,4.026403545564297,11.942539275991688,0.7999607678653732,197.04777867972703,211.0896932716889,1.1064801598629745,2.2856944646009727,51.49073499649941,142.43677486336532,120.81435704751075,2.136487958445833,15.254965815414401,18.665844280321576,5.093147613298736,2.4013606852546183,1.1053207386485966,17.951744474409008,1.8797024736977244,2.044204727950663,76.81172243424231,1.3358318568122773,2.021193326709588,102.12939906257526,3.5772625857804243,0.36362766471516034,2.822783982444417,4.928420491932693,36.36984739337551,1.561576111138577,125.17068051805555,37.069936861780086,0.9958168337753593,7.157429306404566,2.381213548801745,1.4555967191728718,0.9100802663957629,10.32699984211458,0.6045448673682733,1.7480850412336113,4.07603379066945,2.201924288359379,1.405049462790872,16.639346641426265,9.227713835068744,0.23886947660185923,0.4245331615199741,0.8160810287112243,29.533150356358558,0.48658851072584236,0.05333975507027496,0.3252662921007851,5.248312300550047,14.561770677009491,0.28386363165172074,0.3839582034234024,40.5024456292053,2.5422758146648445,11.636670563300092,0.04560496430035229,4.408636172985007,8.660659578302397,6.898562604758571,0.26764449306819216,14.30355305986728,0.4662181019620852,54.140371301853,1.5959504782014458,6.109438517982192,65.2225243486429,1.3861175656300984,1.35190267878929,0.4084081162674611,0.8646507303396769,0.7062103193272486,0.9287075563324014,0.582337246446382,0.31275825828459886,0.31275825828459886,5.187181936632129,4.943727403646037,3.372169425408708,6.438286735870451,0.5497745747061178,0.5497745747061178,14.717660999271175,3.3404376456253777,77.39600055499118,7.093913118364626,0.26850728106953814,7.5883847364669075,14.464658385390337,2.11594212143781,2.978205432853245,8.512757620363711,0.8713473048639873,0.2034393504689516,68.44681254854179,12.73699319178932,2.1356363340600315,11.115867165733441,1.1806847123853936,49.68406649049418,1.4592727382913608,1.052874072821859,9.27245760616997,33.49565017694331,1.0014895452740429,5.78719597089167,0.6007460484787979,0.505925487650649,0.38069683288227013,0.2647929866977547,0.12041873127104143
25,8.0,84.41203229894586,6.717445969037839,0.7507899534286372,24.44965059900621,31.448497506263283,1172.18783525747,323.31826440246795,18.688010459647156,367.4510105383724,27.738993521378525,9.117035054328111,363.9316541709695,256.0920992308084,21.98894451107787,1.8385793650426119,9.202550696718085,5.761370003843642,49.16758126834027,4.097824560103609,11.266546572134672,0.7175154324560875,200.34479788460737,211.12137111525834,0.9112087715317301,1.9636212360475007,51.13236177165676,142.77046662437115,120.16122922464933,2.383113906113244,15.112269863836264,18.75765139552007,5.240684569704997,2.202302172043907,1.118421235430048,17.363574618375697,2.275618494557927,2.0950954195822007,77.22690920205056,1.1133581240554904,1.9867263125884693,99.84471684395275,3.2070241408532887,0.33297366718995774,2.6990674922008018,4.801329992914732,34.49577739598625,1.3707617667171434,117.2098181138984,36.401949297879206,1.0832650276387223,6.894276677425778,3.142480276248296,1.434100055107645,0.9116255520412211,10.023906221298102,0.6177088494851217,1.509964913255627,3.947973443363388,2.3884842001596116,1.3280772680191966,18.9681872980737,9.083274289427822,0.263525685256621,0.5384943109460455,0.6273364792543642,30.79438056382685,0.4815852478223218,0.05564482891160085,0.31863796129498334,4.918422161608958,12.997838915876713,0.2899958785038506,0.30704220134203325,38.45910997294014,2.438306450990471,11.030309204829097,0.03742380248926019,4.293243679214847,9.164609777670753,6.614711117079819,0.236008909841114,13.87940687502605,0.44240633629864945,49.67759403417291,1.5470244187069617,5.751763984915633,64.22504912607302,1.2604384222233542,1.224416237151197,0.30503702400192645,0.8298810014463828,0.8018995929443691,0.8428768351849193,0.6448103880226543,0.2584317012517308,0.2584317012517308,4.798718168388588,4.879869964481038,3.0275738897816225,5.901236911934278,0.5744624689151203,0.5744624689151203,13.829187910895415,3.2877946599611314,72.22056024562265,6.458862991897478,0.3491092474333267,6.882812126151742,14.403841790118598,1.963278549850808,2.350111064287622,8.726195272474117,0.6302338756110851,0.19452690009462462,66.47737422104494,13.024946628940313,2.25336087171959,12.035244194787774,1.2866832452691552,47.5204585203057,1.384515523530347,1.148009564340877,10.401322583483452,31.77675383553841,0.9377391664081084,5.510301424926253,0.6255288867483865,0.6408401677618732,0.42254597320564413,0.3331743392871201,0.11599773394893358
26,9.0,80.40339721473721,5.336630234959329,0.6463931350575436,20.18800681205772,37.992624468004735,1346.5661688785917,125.76320229670856,4.070141529628044,201.00608174469264,24.370119179531088,7.495149084590395,431.8268906293284,186.12250371452316,10.60223438011534,1.4157543000327382,9.240584628169936,6.46187262333476,44.302044246896166,3.209066269611423,9.550586768742603,0.32827727970988946,334.60087133899117,110.4522400463371,0.27957452970359364,1.252066596993125,55.527965952303006,235.88707849605882,43.62449633584326,3.4915038152559874,28.768160240751467,14.156996839507416,2.6300791382306277,1.3951811931803872,0.9444977838777103,8.675501775416153,2.1859622503714524,1.999552998060893,126.80975345639527,1.0430680072527638,1.7775897781359389,76.14914754841472,1.7673181772394169,15.585578836032134,2.5949768944068095,1.9868685310634868,22.70943929587751,1.5055009569618978,94.38619708378454,44.60771802362185,1.0074447858168174,2.2089277619683196,2.269669659271198,0.5328530685738749,0.533932798609887,11.788042383338789,0.9080529602860813,1.0454493943438514,1.642241053665416,2.7184989548968748,0.6759739605630966,3.0739803948726987,9.252135850814676,0.16000623284393967,0.3246146969200937,0.9169017099398121,5.974273779244,0.16135196051273012,0.03875066105920572,0.19301827041728575,4.817487849102219,14.172246845803219,0.21195132085925106,0.22168463068825708,17.792817749124882,1.6123596036163086,14.711283965851571,0.01597402352111612,4.873489007529779,2.128092812712483,6.863840691027223,0.1011074315646327,3.8734118839557783,0.4086904102344557,41.382803646528494,1.4998551965549372,4.59218628018837,85.81634516104661,1.1090968042509255,1.0396729960462363,0.47084886297816614,0.7642898964970158,0.6357264725880782,0.6826506585408849,0.5425832305019014,0.20710827520209524,0.20710827520209524,4.718275453927321,3.9252058727240677,3.0905430758770054,5.133467853635196,0.45285073912715,0.45285073912715,13.761581127704046,3.5310430255105896,109.16098365609811,3.3047199627288526,0.4118162759072251,8.290091666876526,11.87626545619381,3.003152622831096,2.5861297187035683,1.6154713037346697,0.6903220932282355,0.1640638772066786,103.49026039436903,8.209618726233348,2.176737326550656,5.623468546173411,0.5701242161726561,82.39069228638344,2.294764725880783,0.8677739933012667,4.534611171270996,55.864684328489766,1.50286931174293,1.92155745548868,0.49514121483794604,0.5197090080334433,0.32907999445969427,0.259708126621169,0.1058906671031756
27,9.0,81.54769431073443,5.605156581558242,0.6317454008275067,19.587717596099075,39.97021726747498,1350.935733645474,134.58343609356712,4.539763515839682,191.29121102674688,23.121104239563838,7.794979249735536,439.91401941698956,185.43921080140464,11.108217480298203,1.4058742339928767,9.687578635051985,6.760431467791709,41.91749970267343,3.198304299655101,9.661626720581884,0.411961604186358,346.1394993646601,112.40188536339566,0.37073023404295274,1.3439379808083527,59.5692770895798,246.13211314684176,46.82112207915772,3.3350964276995687,30.46514706710817,13.675735648516184,2.442191891435117,1.4779524527876713,0.9339637699756506,9.0235028825028,2.2289070275480887,1.8830598972189012,131.18983205743723,0.9114060729733282,1.5372299805329344,77.24710654306227,1.9752045293789944,16.054296525347873,2.4760433032668363,1.9314255400389342,23.34136375870854,1.6040392596255564,96.49822542987162,41.283730916329176,0.9048195071264483,7.150428463228528,2.1678564945510996,0.594091338720682,0.6270945874046208,12.016230900680409,0.8995693459441527,1.0466943545509744,1.6392552439016757,2.3610968533460195,0.6171122392133052,28.476542498920235,9.39016756699237,0.15535000031297533,0.3711214532070582,1.1704009839944416,7.125044598984708,0.1564328949592193,0.04615916673447799,0.15678499220691425,4.681294090399795,15.027961216096948,0.23336223138892193,0.2173191159072842,17.516802080660003,1.7945864656947739,15.62559856532108,0.029272582735028824,4.63138078456656,2.423086312336862,6.712413227589401,0.11999161226112158,3.3502710366368924,0.3530502575786976,43.548730259080976,1.5145846504378524,4.131335403143524,84.25510619252991,1.0226062081786713,1.0345540414504528,0.37466120420388466,0.7101206832877432,0.6576002929449101,0.7147589776973778,0.48160800465707293,0.2583329681954468,0.2583329681954468,5.132413603159799,3.651473800835018,2.732035215984276,5.375576657047891,0.4441119950925468,0.4441119950925468,14.750045381423035,3.4254930926344387,107.72503239294679,3.3760179522650025,0.29654412639195776,7.903456499558705,12.735285464799665,2.912517135399388,2.7413853540063973,1.6097369755315887,0.7487747015780216,0.1542639759134185,98.9219251738578,8.085816270961523,1.9842573408363953,5.935171854754408,0.7114977747453946,84.89560394849678,2.4238781399250113,0.8418535651019987,4.290228284206639,56.41401002772962,1.6359314458834355,2.164687619321845,0.5272836245047166,0.5023379257246944,0.2731304418585727,0.23086155849195966,0.07688864963663564
28,10.0,80.94001536721439,5.542723560357677,0.5946936976922135,19.71857794407034,32.540534607253136,545.8926299412515,18.825354631083453,23.72578749019664,16.273326429222525,21.714462521336724,0.7217468354833116,362.3663982971981,184.6785754624084,13.632911291720953,1.3434397425434808,6.422641347351542,2.3307959930704363,39.54570314550652,0.8718523856566303,6.578373588753617,0.4773126782700271,150.11949838612432,20.974411838163824,0.25551573230503444,0.7038518256918825,65.10176245722712,106.59326674207101,13.63683104495467,2.316496211488504,10.462963581610884,12.643291320069169,0.43203825577344335,0.4406349872973906,0.9687708296545876,1.4347330861216236,0.6150703694335606,2.245915200338524,56.23411617041382,0.691026723999421,1.8587218486472556,19.714557969873262,2.0089594359627814,14.292311143139397,2.4885803780080207,0.5768607294495324,7.249068183662074,1.7073038810965764,112.45345690737197,42.3352407132551,1.0390702676217884,1.7371092774386703,1.4188202242722447,0.33147049606195245,0.42698266495495624,11.804588211151252,0.3885741738531461,0.3377748719001099,1.1105500858241424,0.45941448686071357,0.3951887574350433,17.903315404916555,10.68464280771415,0.05533151662952128,0.31888878813765587,1.1626299889756941,0.21194029375877926,0.2045923472545024,0.05620009831199263,0.013442335562056661,5.95258434866714,15.099676906703827,0.24951997340167448,0.24150388714165041,6.573704564508098,1.9071747074104652,9.306957721070741,0.0370435770293552,0.7299506371985218,0.0243059698287176,7.223219129159369,0.035500492355367626,2.636893086503418,0.0934791150648016,44.153551242342246,1.5244690277452988,4.198647494237295,93.08314362936697,0.2752560804694795,1.2057886355790783,0.10702962563493162,0.9433831097451365,0.45780776982903576,0.1862757730933757,0.4887521853737844,0.02822572306243448,0.02822572306243448,5.665341522817768,4.002262130315887,2.8463008124261266,3.663919339623392,0.07845869703202776,0.07845869703202776,17.010162087523128,4.085084416276521,118.83288074818927,1.6793247334201915,0.06765551350517252,9.73746243702385,14.207388989374987,3.25036310214107,3.018521788514678,0.3949358188132247,0.7832665988982057,0.19371439570736115,116.71118704572463,7.645179610283625,1.709688503701017,6.1705585807438945,0.7276964609273462,94.5882779652281,2.7045660989069553,0.6993021121170326,4.891397064321178,61.680772369557644,1.751892664939048,2.235797655465781,0.8429442055579682,0.7791527669735338,0.3850505320460507,0.3605473019084935,0.11125163256767699
29,10.0,78.85626700811723,4.8530498671434525,0.5714844057622699,18.139503749442177,29.60715879492841,510.5681476793126,18.44229271607783,22.58695614129753,27.012941481868218,20.139198952314562,0.7877853644877804,328.4002905052049,177.03782692773245,12.402721590428495,1.2482550729033894,6.272474048493369,2.0235816725049656,38.99290945629443,0.8376802167705505,6.147775564312194,0.42992728619721104,141.56547304805878,18.587161769981712,0.23498837687508567,0.638846029324692,64.29180022808742,99.45508690364036,12.934605703352185,2.3186267503959446,10.016556754975193,12.521453926049508,0.4347311222659406,0.42288632671335363,0.9062070695433293,1.319264053480958,0.6037126915190564,2.05807916558505,54.31795736340276,0.533243303942529,1.7371146649710807,17.779745428772266,1.6011693126168511,12.813777705183885,2.3105532724127973,0.5393596635273049,6.587567193912224,1.6685980207145379,106.70550180690738,38.25690168615521,0.9701123811801629,6.235271298610766,1.1281431292310653,0.25495769299199944,0.4093031666817364,11.227559493774264,0.4078827245654818,0.26836730824760613,1.0108676947128636,0.35746577959521775,0.36517175099387195,26.699160859965406,10.827575244056456,0.03868444309627214,0.3144266751445963,1.0445674651670842,0.21373716279083332,0.20453637294334856,0.04462579954557519,0.019932857130356918,6.00091730810177,13.175846067242038,0.21742243715199897,0.18118366287395982,6.3129260232579165,1.7946892381821842,7.978413363239425,0.021974560377540097,0.5794864241317657,0.029361151053956383,6.929392068274557,0.027981543002645465,2.8784676142114214,0.04956526304429621,40.806814038751526,1.3611991798186385,3.692166567984343,80.60376665081915,0.24224663191882187,1.0637594756906061,0.1635068878317403,0.8723745883780418,0.37479400672595387,0.14965393129960244,0.45159413272821136,0.05882438727027193,0.05882438727027193,5.430065830346127,3.731628316674007,2.618437747009634,3.6068525394413316,0.10783401535944186,0.10783401535944186,14.767788339541083,3.7662278949164505,110.97584665058582,1.6796115513736287,0.03736025270452762,8.497879545341855,12.634304697959172,3.021058710635232,2.814312923106539,0.5049744641258156,0.795237581339999,0.15664968164012938,111.86888765090374,7.271841120486742,1.5961044302043745,5.8341116111663665,0.6307360923549881,86.08632904672875,2.278320611577624,0.8367279080416857,4.498344762010319,56.72012040215721,1.6170508471610117,2.0792560033367264,0.77423866344272,0.708673738737819,0.4055099737203625,0.2707677679225086,0.06274883258325045
30,11.0,64.6363251864067,5.97041095803612,0.5531229357449376,20.89064299416583,28.513672991900595,911.4558619695508,27.35912850220425,10.418457073791227,10.6456269078271,25.508683137936988,0.7870029353013951,325.50246245332903,165.35255773577853,20.577551043037886,1.2133962530156934,7.577634999310925,4.642382710710445,44.4606411407915,1.0264668190552226,8.822019037480931,0.6884034209805142,132.9663968977365,17.654505679721076,2.578468225718816,0.8912607856089444,61.520673044175254,93.43783196389563,11.997904261335284,2.3866534871158804,9.177519995057668,15.761477060136453,0.35359055634495573,0.4960896969812176,1.1472656392319744,2.05548083975282,1.8974276114757136,1.9696284222081768,49.85767986047418,0.6706712224825395,1.8006592943554456,32.679177735430024,1.8862376659522464,3.2293748742636006,3.1144450727964252,0.5186010667198918,7.412474001276769,1.4789087585401746,107.29174488064744,39.18985047862996,0.896898528547509,6.71424611227013,1.6635159303067888,0.3215842073498173,0.24945626432602913,10.168018679478712,1.586111414726564,0.33412378956439365,1.3015709327541936,1.8556411487119049,0.4091189185164768,45.83627576309124,10.899295242530664,0.051438266001986435,0.36601925291589643,0.9285199459511692,0.48855580953648214,0.16413134562896714,0.046846016274844325,0.005978320272588594,5.457886424587466,18.07817279468256,0.2538631766202373,0.2386544185552868,14.189245359831833,2.3396585672624393,6.881040297426978,0.04525876749023018,3.4842851281758835,0.05256296324457729,7.279305095512141,0.037829429366637045,4.0371498587792125,0.1574639502852137,45.02081323531043,1.6227908015606363,4.558385251575764,61.84094880093017,0.40276992337802026,0.8865101278194655,0.2635007231328046,0.8151615524623741,0.4041417371978564,0.31149995010146037,0.5882261623587595,0.07051059670733002,0.07051059670733002,5.578965627034553,4.062164075902807,3.572090717129139,3.3201379417406827,0.17217530703442682,0.17217530703442682,11.544592661588105,4.1916024717994045,74.90058468415809,2.48474451155666,0.2010895306527521,9.561627864611797,11.691796521675768,2.090531791706071,3.126568041807056,1.3326363378590518,0.7567580839594412,0.1907074662472021,70.06237792678697,7.987542789977839,1.7565378967527931,6.517081933402083,0.6457362093901131,55.98841086615944,1.5484784113572245,0.6195529407664733,4.75717152900214,34.398228364230825,0.9566437133384341,2.2432197389118316,0.2768497705459217,0.27106470810938393,0.17446430353519274,0.07894265786551473,0.048667708991716845
31,11.0,65.8702774288172,5.8933542090834266,0.6362622299509255,19.429754751192828,27.866233267941904,950.1402429590756,26.50995104925398,9.853141573478721,11.827199534627548,24.464275547524306,0.7339192776825442,316.3546237104789,160.7529132191768,20.225611265478893,1.1187921975852615,7.906455186241808,5.2453555581684626,43.88969992140651,1.2419101311335408,8.35752609984467,0.7173558552147088,134.09145311310655,16.93603913584296,2.723375683051655,0.8255224610281513,58.735257532907156,93.92564561145113,12.59200698058679,2.6057561992932774,9.64217375967721,15.846557048350466,0.353622726513234,0.4665838443972746,1.2062274507862443,1.936289768613351,1.9285247940788781,1.9372010198587792,50.5158053356932,0.7176977678212276,1.729820967751917,31.64563311075493,3.518039371004573,3.4867443112549585,3.067769863420611,0.5165835349741013,7.355935664733804,1.6704070771268202,105.34180740264,38.21149383319616,0.9931122401618903,1.5393771930367408,1.639280653006665,0.38152031981979195,0.2596710212821259,10.1827484203947,1.3853200363881653,0.3372310339065913,1.1719820410790205,1.9026523754417015,0.36954100166469667,41.73586709655859,10.975750505906888,0.04955102697551225,0.36198488777221505,0.8877536496463293,0.4529723190029148,0.16474153882332557,0.05309392231002964,0.005226157397379805,5.204285820373659,17.808066352705286,0.26490027291123885,0.1799357637492187,16.052357495157526,2.3727713795941607,7.254158647449425,0.03731488758656113,3.6025490281018127,0.069129778267354,7.083760853017804,0.020482266957937013,3.590967318724434,0.14837150583881528,46.103687705379635,1.5447333081669152,4.330621754924469,63.27367241987487,0.5097096991787909,0.9980815763254142,0.25576919506655693,0.906346888131146,0.3946445037161723,0.3079425834359587,0.5628361109220191,0.07119208371753377,0.07119208371753377,5.722207610572371,4.454793274377905,3.088194887091484,3.137622144797668,0.19544560031189856,0.19544560031189856,11.813912903565173,3.804020644714124,72.39683521978328,2.1572797989987067,0.21819284489854013,9.154860109783343,11.234521105754652,1.856053245539665,2.942925348565205,1.7140914407361796,0.680023949353615,0.19595150720027724,67.01607143962225,8.412219739960765,1.870192337444536,6.3568020496191,0.665481060207561,55.3250242897191,1.5974095091929625,0.5183224932081614,4.888725238410555,35.733636155478955,0.9937388220878638,2.84327716271327,0.37731990024196893,0.27226299732039533,0.16085673088228924,0.15773310394762086,0.04541558626408649
32,12.0,80.05654582793044,6.2511695071938655,0.7779859659136736,20.3133938044038,15.27507615756395,703.0540703193344,72.15680082392868,12.291607467474051,40.6102500946153,23.97566525415842,2.375663082659652,178.73809863567834,98.1851978235378,28.8851215108668,0.711511735399773,6.788387445014549,3.6618557628475172,43.26303674796345,0.9201462349313496,10.39914629076989,1.0608453954919685,201.47562647739468,36.52060752331259,0.4761104114059524,1.3397511462411356,62.99991934433146,143.35463056601665,15.695878495337482,2.7815348153295405,15.887665266566984,16.697873172063357,0.7770615278665335,0.3641836095272957,1.1134235849583383,5.346670471959746,1.9426321046786492,2.3946745543774313,78.51965826813667,0.7348584493017081,1.107363552323814,17.901019983992953,5.340044298574877,0.8907038137722656,2.47248555953319,0.6653084458893528,5.97747225134788,1.6611624343121623,131.12295026026965,32.20896332648794,1.015923290254934,1.681693955167857,2.0944074600289118,0.26275910633519256,0.15529008121405394,8.589257905806587,1.056700934985327,0.25036295050844093,0.7311684524658919,2.073235347036525,0.27384150540703195,52.678314172441816,10.415373590852406,0.024742677395938675,0.23149727942225723,1.7542297693868307,2.8190148840729874,0.0820624895302738,0.05443637198394332,0.06037076790400735,4.796910577680715,12.379190217087833,0.2769436465048176,0.25100664478623147,53.74357701685703,2.4949248971640228,1.8500843782378598,0.03780889569981201,3.770235266380856,0.6970309407553094,7.383081853095006,0.0377887317826764,19.946083236649937,0.07978551796449909,53.742751847325025,1.6877353749557944,4.902476439238362,52.844892945110715,0.21122013413658106,1.363963357509353,0.1890987659682713,0.7304270407435212,0.1711482265059344,0.1741138733954175,0.49938577606263845,0.029580466437935462,0.029580466437935462,6.359606400337513,4.388698279552547,3.333573232244895,1.8119652684282692,0.10809410655234243,0.10809410655234243,9.885064121256491,4.085066913183479,67.74153580801469,23.694049783160338,0.13359215530559193,8.5812543817743,8.763412107036276,1.7245531365748639,2.6964508403700234,8.911399748106144,0.8205752610451734,0.18448898429696176,61.755272088795685,5.332338580087977,1.9274703900632217,4.314526085904491,0.48244808566872854,43.675851072410175,1.3042735095763096,0.6763520681974698,3.5513094137573753,30.487758951228138,0.8907456926770857,2.0025111832186577,0.23884780275346043,0.2940783228584369,0.16590560805067658,0.09679921081530472,0.04673685777923923
33,12.0,83.66599826773715,6.591340578967047,0.7471700851774781,19.906738628672578,16.3259099507299,702.2863408392798,72.30532631382987,13.316199497359799,68.96405949013415,22.96023368194203,2.4352113187126982,187.29484596586275,98.32027299705136,28.084827239123268,0.7129365957090997,7.240991207740596,3.5644920825491084,42.124123416628144,0.976784838124928,11.156735078953638,1.0493300497118416,217.50191290409606,38.14118730999143,0.5678871915097033,1.4000990765997794,63.63481753655816,155.13161569007326,15.701730527425129,3.174613041194094,17.03325218938776,17.922901682251247,0.8079523170198768,0.37835586484563455,1.2506653750948564,5.325411412425279,2.168898782525286,2.4165760830981315,82.93795564586742,0.6928420311965077,1.1000673657772386,20.021361419761366,4.252553825571544,0.9708670622368277,2.4633298256851353,0.5887311411320921,6.175364003956753,1.7452295721563202,126.14156279137276,32.12908355722857,1.0726524919815794,1.5949108073954055,2.0573019296272164,0.2705863977925481,0.1600891689398015,8.7216057981898,1.1798618922683966,0.24332297867171096,0.7893581003797411,2.1078136413332427,0.33031317986978054,79.91476888174387,10.039201518333115,0.048732119276867034,0.22203097563630683,1.4463353490478077,2.644972888035554,0.10322267150269858,0.06969123755823511,0.057500713887920385,4.654419873377582,12.874537156091396,0.28332436700623015,0.16023904596176086,52.78894633298257,2.642915628702554,2.0279339215874974,0.034992340495351444,4.0334430853841505,0.6569961805024194,7.765653866117223,0.040520436126357376,21.705355973703682,0.11861425283149248,53.27088141887788,1.8186929777093428,4.034411764241867,54.067665531282486,0.2566825431133086,1.453327506535427,0.2097031961669346,0.7773710939287185,0.21922748649923562,0.19309208917525042,0.4924722293654838,0.051152238768294854,0.051152238768294854,5.8727906943723545,4.686619768305901,4.131623578337564,2.02222597353014,0.12789873992865855,0.12789873992865855,10.711262706021744,4.308536837405518,63.557241189992,24.503539464197534,0.1473748645190604,8.947953232058538,8.926419848135135,1.6700780780401765,3.1030964592736803,9.449705215562599,0.9236226696095151,0.21044784831814317,63.02286492293955,6.056664557870674,2.0901502398821177,4.487802376891803,0.6088225503389587,46.23998939817276,1.3918163990704469,0.663606545997258,3.792409281016261,31.248204236628997,0.9005731612850298,2.1196728579023842,0.32690702733914645,0.23982216696931308,0.22125792573356914,0.11757931255354159,0.048801536002827155
34,13.0,75.00963038195074,7.420154884108963,0.7697640465740505,20.400943995066925,17.980177010410245,800.3791698405214,71.35871812543074,12.987768568561307,57.714909257983,24.7660748183346,1.4704468787406144,209.99799291474724,127.54040165886805,35.46559541514019,0.880300337335413,9.026352062098734,4.084995828648119,44.72884096872091,0.9078463733420388,12.980057613019454,1.3135224346185934,248.4554148983762,39.036030807549544,0.41252554197347263,1.528321363367067,66.94716892161486,174.5194965359643,30.727517017906585,3.0466994933923366,19.633371419589636,21.04798566022223,0.8414659581413907,0.4315021703120655,1.2947150785302333,5.157417147278949,2.3876228735173566,2.513354371455862,93.99176006867617,0.8329328230984077,1.3338532409590482,27.289815251429747,4.426649195352268,1.635312005029804,2.711114234587157,1.2618671938288173,6.98948396145429,1.8259987062763732,146.50422576081831,36.329140822421316,1.1820674187190927,1.6020439624215606,1.838204444605656,0.48688744604447026,0.18773501638313564,9.43564329500526,1.1929552516715636,0.3072291341724401,1.1014908048895498,2.7557990859298487,0.5011138718609066,83.14528999963727,9.087723832323745,0.03202268248153119,0.3267211360586166,1.1821324071723072,2.7382416240463323,0.15843429213972215,0.08663565357224902,0.04850707920732224,5.71342510307471,13.077077816871608,0.5047879865065835,0.2397439152671479,53.93208555503162,2.9952241043684333,2.7529501735040567,0.06171333744423084,5.193979953329222,0.6293466695684766,7.135141221420194,0.046209812954163494,48.19383184011027,0.10243238178146953,55.75549832541381,1.8174217418114549,4.5291616791807225,65.37939956714668,0.40017320178461313,1.452617372169224,0.19400866915738693,0.7173924214395396,0.3320517005815711,0.22079751411609658,0.5045129190999552,0.09254506873662446,0.09254506873662446,5.9391269783694245,5.162079690957235,3.7158206076873785,3.2787747711801902,0.21900655325425902,0.21900655325425902,10.014008790066137,3.8416760370948047,69.7863300567062,50.23077248600481,0.2016425453710085,9.53027555104163,8.438889694947223,1.937858947852056,2.904061929461835,1.3976386521092532,0.7114573131657538,0.22561270509146747,62.101527077514596,4.519750444339657,2.576633477214746,3.4758273181230126,0.3500565248407027,47.1990913707425,1.4217750613611908,0.7845526980787599,2.868794358397717,32.073376497757145,0.8500157181375216,1.6252327493440701,0.775519303081964,0.8004612668818842,0.6201485363995792,0.30608352376461484,0.1158970824718585
35,13.0,74.83328229607613,7.3308595274550425,0.7914122309285778,21.124212675252934,17.516262871896483,750.1621303551593,71.88346693085953,13.28611936713801,59.316845297066855,24.455797231979346,1.5100018013149599,203.96104356180012,124.33695397640277,35.09411570446426,0.8821879972379837,8.942685160166922,3.9695127443033416,44.097835419856494,0.9169743913056532,12.638791317661893,1.262633222252244,254.43681887778078,39.52012068810232,0.33672881203278393,1.5478879582094929,69.58543336635744,177.88081299348525,29.544210273499655,3.3929028190579125,21.78070191239605,17.865501816325917,0.8354814014230388,0.3982061905190789,1.3730853523071842,5.427926386261971,2.3523792368428955,2.4798688042270856,100.32965865081509,0.8538112822360323,1.2036326518358402,28.757428923113874,4.349142874298238,1.671611276231649,2.7680927076766038,1.2522246239755022,6.546520459935753,1.8869044402413762,142.97216968386923,35.639749016782254,1.0719730403194332,1.4788165360713321,1.8699585697559218,0.47872346813173616,0.21480981116214837,9.920327839322706,1.4189348224203668,0.3539523852412261,1.1613677984928998,2.7229847788885886,0.5265393737428322,89.05560058842956,9.83227956408178,0.02813203638656219,0.3203248371311057,1.1599462607703623,2.9182638325977965,0.14421477678705455,0.0576090546098652,0.06354738959440391,5.658159956768441,12.872860187937194,0.4798432855984869,0.24446095649824373,48.51637095079408,2.986340028220601,2.624726050016512,0.04471614278423249,5.193782461196673,0.6466090245879492,7.50479149779339,0.02673001290942388,42.442862289471314,0.13156654357681108,52.9681587558918,1.7823906451709748,4.798737578432256,63.765528836050315,0.4114803806778949,1.3287519889519348,0.23806178510312528,0.7210183433906752,1.0297832417664896,0.2866267375183884,0.546772644030142,0.08802425770812693,0.08802425770812693,5.963724518898796,5.112366027199856,3.509105647122399,3.5548965744993843,0.1529526554384701,0.1529526554384701,9.923924464859347,4.211187666996908,69.01486685280254,53.361547929988895,0.23210543696898736,9.289032994085682,8.148929718694648,1.865657930289111,2.6123990513074546,1.455156264072773,0.7678074994746165,0.24345522231228797,63.407877750758054,4.460921973040319,2.3158575760305022,3.4288540634663303,0.38637605451979945,48.39407967816506,1.4281080188537632,0.7433126182112942,2.7738343991113514,31.727584136419587,0.9169984088384521,1.491069981086193,0.8359692575580173,0.6840673691795011,0.46678074994746166,0.343363655468492,0.13395929028190579
36,14.0,77.25316321105795,7.3038100301258195,0.7940859955214022,21.965941713788602,27.064224380970792,940.9687819180642,156.29282941053276,20.195916098786913,137.99570183493628,26.31481642582121,3.8561693489923154,305.6026291624378,176.71903726257793,28.131693328822514,1.313184476342371,8.4416541813671,4.4068467771817055,47.32637378570393,1.9087815958629355,11.430821774362444,0.9450904580091183,208.61033943904758,79.3725323409534,0.4488731010262111,1.6352327098738582,73.77826107969649,148.17295764664186,37.474554153979994,2.78256729979218,15.85835709567767,17.864182494804503,1.7482560855766598,0.7394374365666232,1.2739290834984616,11.03667294959161,2.369642195479516,2.463850627486991,77.09967940972726,0.9673384563336717,1.6233789248143315,45.52826832922527,4.402137805487087,1.1884152530085546,2.8388171991042803,1.5014337956921688,11.964493419038874,2.0279316288885667,157.83591577658564,32.282319204807244,1.1833115847469915,7.173898474376943,2.676290818874551,0.6565334364377426,0.28190195415075797,8.424144152852287,2.1850740257438823,0.521953184154141,1.8077908269295828,2.6445169397322505,0.5519839543762989,65.29152449535225,11.599036618175374,0.0934254828991671,0.3986386995956374,0.7903710147729287,10.280769416654584,0.16425821210510205,0.0694537077312197,0.14663702414898588,5.14027677089878,17.063741079052082,0.2733185120744929,0.21682212878385126,46.30397113076539,2.424211815120906,6.658038116411322,0.04626488167158024,4.982212878385127,2.477940489423743,8.162041467304626,0.06297585101412853,19.39670388091441,0.2713659723229101,54.11470365537351,1.7329144716704525,5.063153061717655,52.17734280605094,0.56150822418765,1.379453224429301,0.28987321379665876,0.8099560195253975,0.18705556361058753,0.4146456591432668,0.6756786364441867,0.14500990768933353,0.14500990768933353,5.951112399916227,4.742918821387721,3.8123612520741705,1.6918434746185942,0.26447408696212527,0.26447408696212527,8.482116218001385,4.256839527652925,59.151205838287176,18.103309007136758,0.22238654487458315,9.235495303916357,7.1613906207207645,1.5400641180545487,2.8856427110015628,5.119924927101961,0.8480305446812624,0.23210413545341774,54.17759090103588,3.2688141381921287,2.375656082354647,2.3702012146988225,0.25143460119536676,39.92509142461296,1.2049361235964107,0.5844908414286405,1.7298616145506098,27.137341517245822,0.8030657451710084,0.7975383822273775,0.2952733072350297,0.2720587050730591,0.19403766532953134,0.11903081855234965,0.058187940006121826
37,14.0,83.29616422160571,8.265102385656418,0.8685369217865307,23.84977217600254,31.627376545201223,1054.4460049279037,175.42424786692916,21.24086393510373,92.47613384507271,28.848856694956485,4.161972137988278,348.1414618750098,186.56728088179133,29.60362635120643,1.341186707563966,9.159002491852219,4.60937034085539,52.31914541152181,1.9523775478709398,12.224400970235532,1.1052698576557756,223.32373676693945,86.90348737246477,0.5731172914316205,1.8515508248920167,84.4056923739557,159.15809224212643,40.862703999693096,2.9890752595170795,15.992794728224194,15.72266504379487,1.9619892269678048,0.8889251206255264,1.4260823165681145,11.944813058770396,2.733676972948843,2.747789331245455,88.43883801914315,1.0240309415155833,1.704153145156931,50.03656692863956,4.685536620113729,1.1941098821383545,2.8990913196702874,1.6443713609628419,13.716675182093539,2.399685074520157,177.09107205446153,36.5256883981523,1.2818408667251413,1.9652814711867599,3.153242808242468,0.6907749154705835,0.369666015076665,9.98956874739524,1.066177945102525,0.6380571574051954,1.8175123677129887,2.800067658408737,0.5034221553388238,68.92150752699797,12.773169953388937,0.11036167604526138,0.35542636132031546,0.9688004059504525,12.118927091089493,0.1618413549816991,0.07441204319675519,0.13461582055873988,5.7969846670003085,19.55151891383841,0.28738606620410173,0.2708080122901151,52.695392427489544,2.7234898486230295,7.313652525245479,0.050749037873014935,5.029567422127438,2.8410655153112025,8.547745388155244,0.08144293763045606,21.117267018792646,0.35157959715346426,61.8371978258633,1.9920972188557708,5.168910612430663,57.896001353168174,0.6958039580169111,1.6791265090179242,0.3052998505586178,0.932631057650893,0.21764559200235759,0.4568947929181874,0.8142061733066652,0.16311430957907053,0.16311430957907053,6.862585423100464,5.384650260083806,4.055089289918025,2.0796294132725572,0.29628977329201756,0.29628977329201756,9.351689454878992,4.813397062439295,63.44140659739236,20.288566600810157,0.2054252278675918,10.115992320421853,7.852288441049124,1.6336994676259746,3.1976532297299416,5.692234453824008,0.9611818598738554,0.2837119356059351,57.58609794077797,3.9146667038671663,2.514085329808586,2.433392214749184,0.24765070125848127,44.68004722138424,1.3012525524483451,0.618816361477255,1.5881869813363931,28.697232108448755,0.8293194575469641,0.7543720759099446,0.2336604071013429,0.2820640697230365,0.20265960322179577,0.1293234682258326,0.06259972204251668
38,24.0,68.53668863461772,6.9655666518416695,0.6936513969190959,21.489106861278454,23.161842073343305,2273.535037399426,137.53155702907048,10.371238426393887,116.89541907572878,24.236796183236972,3.287968301459588,268.01087454008814,125.07775684308415,31.623081712691544,0.868868313589132,8.57569562932115,11.018742570654592,45.53707839728298,1.266896858448227,12.924921360126147,1.2795552500707557,277.26824566368816,59.52935430396636,0.27480855537136617,1.5492257308049975,64.71104354506126,193.8396539036914,35.196312618768445,3.091126834593458,24.655294545748596,21.55357942829418,1.2835482957991347,0.5436574616908584,1.3788379897303198,9.059470343266081,1.6821331823879029,1.9159762260946913,104.44731815792666,0.77961104597097,1.2562244774188331,173.44477418833137,3.4855165163950996,0.4354425261795981,2.8873391824687666,1.4134524724052884,8.467673149233818,1.7918085149395544,158.0683427000364,31.776082157441476,1.0641167670723326,7.768170460518336,2.455346298467634,0.5151772934945215,0.17789997169773178,9.131634658149032,1.0417401851776977,0.4265814903165811,1.359065216512352,2.035089960781143,0.39590830065095217,41.98491731694497,7.198382727530021,0.04405288480976832,0.3173622286014636,1.6986600897586221,7.38904621356083,0.14373670804188735,0.04924594671087212,0.09768810900416448,5.495103707597138,16.46982412161889,0.3308551328185016,0.2270682893300449,62.28917802126713,2.865950754053289,4.8976040108357255,0.03815630938422351,3.592389115756277,2.206592002587636,8.818152266203048,0.047937573282658796,4.892519306190111,0.804238871143816,57.604289006590385,1.9962770387741076,4.599684631868354,56.52153155702907,1.877564387660211,1.6314705049933287,0.8382436420976024,0.7243294384021348,2.711840860388954,1.4263114058140944,0.5424784700602434,0.49651235191848947,0.49651235191848947,6.327641612420653,5.20943193304492,4.071321715926091,21.246739174382405,0.9666243480370356,0.9666243480370356,13.550724942384669,4.245341850968342,63.460898394857075,34.150280192455426,0.5525815711802046,9.126499818056848,13.295228237577327,1.6533505842396798,3.1950964298710227,2.5645024865564228,0.8739222900578175,0.2581716734726883,58.071020903246676,9.857476246310597,2.093895605062063,7.262905429992318,0.8295621234787531,42.69226377713986,1.2979290826021914,0.5627105486596854,6.220540977641208,28.14282133182388,0.8151344357740671,3.6030388549710914,2.3209752152993977,1.9653515546031617,1.5060623458537177,1.2166837828003072,0.4021089233008531
39,24.0,66.61154917578124,6.389621493737531,0.722813345632514,19.062355007063857,22.12111985878416,1981.4653717795095,129.58694979298764,9.955330683493253,107.15068232871297,23.00727378037382,3.0104318299525907,255.0185008688084,119.0638076179327,30.21038647417019,0.8671305419096623,7.842554143465243,9.419896478491246,40.87575273743599,1.2993006628686306,12.376125083892875,1.1950313966209942,253.15810474121156,57.00323926094591,0.28692895384436223,1.4204910069903067,62.9385521085842,181.01338302038866,32.70971073430399,2.8327536169704177,19.438919858171243,20.268169128035083,1.298054911142506,0.5609943335917795,1.251222001231961,8.04518110134872,1.6110450523889932,1.849244121369622,98.20983791436952,0.6438988811218814,1.137614960053201,158.1779356376931,3.482444554088303,0.4177267559276637,2.9866951263985975,1.3335856504111134,8.475175370584324,1.5958462684142944,145.64913624815742,29.20163403399845,0.9765804804648355,2.0705374353756714,2.6088523454762202,0.5117020983178521,0.21162762902647492,7.763457336451032,1.4898209978885044,0.3694412351482797,1.2549929667891477,1.7757892059367042,0.40008090490915055,43.20608686858162,6.190678160884315,0.06608306850255433,0.2986540365114048,1.2897085278064657,6.9983389976985,0.14425743696925308,0.05997995764750589,0.10712545470704149,5.0775108869200665,15.188948205535244,0.29201155959535285,0.23005035104762664,61.63727632397513,2.6896699140998255,4.352981376547996,0.04384341222583502,3.4005988189109098,2.048421894584581,8.452874422709764,0.057076268199773836,4.850477614776178,0.6817678948481347,53.98537582475506,1.7330551716317968,3.98034838144213,52.21751162241924,1.813075949483465,1.5851141096322812,0.7040918270718859,0.8569224262891921,2.1031782758060613,1.1693517494154313,0.5298888476873148,0.43628738404395834,0.43628738404395834,5.67818540095431,4.90847019236368,3.6193822419853574,18.77288704877892,0.7294297736194834,0.7294297736194834,13.340476358298423,4.133871575715043,57.95954754542473,31.59088471356904,0.4701417981116059,8.570174282658462,12.025613758737883,1.5838775516458325,2.7940816833124433,2.283600820081579,0.862247133851656,0.24874428838922616,54.229095734411246,8.663884538887986,2.003075305921688,7.367862976503866,0.8347425293203681,40.852688709168305,1.3071735686113468,0.583425526111753,6.247202804703517,27.86934470088168,0.8074355901921185,3.297445059743985,2.367492162336926,2.200936842073004,1.3392198805426758,1.0863062312102945,0.42048487783052263
